source,native,Cancer Hallmark,name,p_value,significant,description,term_size,query_size,intersection_size,effective_domain_size,precision,recall,query,parents,intersections,evidences
GO:BP,GO:0000278,Selective growth and proliferative advantage,mitotic cell cycle,3.18E-11,TRUE,"""Progression through the phases of the mitotic cell cycle, the most common eukaryotic cell cycle, which canonically comprises four successive phases called G1, S, G2, and M and includes replication of the genome and the subsequent segregation of chromosomes into daughter cells. In some variant cell cycles nuclear replication or nuclear division may not be followed by cell division, or G1 and G2 phases may be absent."" [GOC:mah, ISBN:0815316194, Reactome:69278]",792,220,57,12415,0.259090909,0.071969697,query_1,['GO:0007049'],"['ZWINT', 'PRC1', 'NCAPG2', 'CDKN2A', 'KIF2C', 'TRIP13', 'PBK', 'NCAPD3', 'TYMS', 'KIF11', 'TPX2', 'CHEK1', 'INCENP', 'ANXA1', 'EMD', 'DYNC1LI1', 'CLIP1', 'USP16', 'FOXA1', 'KIFC1', 'HSF1', 'CENPF', 'PPP2R2A', 'ZWILCH', 'TP53', 'SMC2', 'FBXL17', 'CDK1', 'CKAP2', 'DLGAP5', 'TOPBP1', 'ERCC6L', 'WDHD1', 'NCAPG', 'FANCD2', 'MAD2L1', 'CUL2', 'ZFP36L2', 'CCNA2', 'BLM', 'PCNA', 'CARM1', 'TFAP4', 'SMC4', 'NOLC1', 'SPC25', 'BCCIP', 'TUBB6', 'AURKB', 'UBE2C', 'YWHAG', 'VCP', 'PPME1', 'ENSA', 'KIF23', 'PLK1', 'PSMD10']","[['IDA', 'IBA', 'TAS'], ['IBA', 'TAS'], ['IBA', 'TAS'], ['IDA', 'IMP', 'ISO', 'TAS'], ['IMP', 'TAS'], ['IMP'], ['NAS'], ['IDA', 'IMP', 'IBA', 'TAS'], ['TAS'], ['IDA', 'IMP', 'IBA', 'TAS'], ['IDA', 'ISS', 'IBA', 'TAS'], ['IDA', 'IMP'], ['IMP', 'IBA', 'TAS'], ['IBA'], ['TAS'], ['IMP', 'TAS'], ['TAS'], ['IDA'], ['IMP'], ['IMP', 'IBA', 'NAS'], ['IMP'], ['IMP', 'IBA', 'TAS', 'NAS'], ['TAS'], ['TAS'], ['IMP', 'TAS'], ['IDA', 'TAS'], ['IBA'], ['IMP', 'IBA', 'TAS'], ['IGI'], ['IBA', 'NAS'], ['IBA'], ['TAS'], ['IBA'], ['IDA', 'IBA', 'NAS'], ['IBA'], ['IDA', 'IMP', 'IBA', 'TAS'], ['TAS'], ['ISS'], ['IDA', 'IBA'], ['IDA'], ['ISS', 'TAS'], ['TAS'], ['IDA'], ['IDA', 'IBA', 'TAS'], ['TAS'], ['IMP', 'TAS'], ['IMP', 'ISO'], ['IBA'], ['IDA', 'IMP', 'ISS', 'IBA', 'TAS'], ['IMP', 'IBA', 'TAS'], ['TAS'], ['IBA'], ['TAS'], ['ISS'], ['IMP', 'IBA', 'TAS'], ['IDA', 'IMP', 'IBA', 'TAS'], ['TAS']]"
GO:BP,GO:1903047,Selective growth and proliferative advantage,mitotic cell cycle process,7.71E-10,TRUE,"""A process that is part of the mitotic cell cycle."" [GO_REF:0000060, GOC:mtg_cell_cycle, GOC:TermGenie]",702,916,128,12415,0.139737991,0.182336182,query_1,"['GO:0000278', 'GO:0022402']","['ZWINT', 'PRC1', 'NCAPG2', 'CDKN2A', 'KIF2C', 'TRIP13', 'NCAPD3', 'TYMS', 'KIF11', 'TPX2', 'CHEK1', 'INCENP', 'ANXA1', 'EMD', 'DYNC1LI1', 'CLIP1', 'KIFC1', 'CENPF', 'PPP2R2A', 'ZWILCH', 'TP53', 'SMC2', 'FBXL17', 'CDK1', 'CKAP2', 'DLGAP5', 'TOPBP1', 'ERCC6L', 'NCAPG', 'FANCD2', 'MAD2L1', 'CUL2', 'ZFP36L2', 'CCNA2', 'BLM', 'PCNA', 'CARM1', 'TFAP4', 'SMC4', 'SPC25', 'BCCIP', 'AURKB', 'UBE2C', 'YWHAG', 'VCP', 'PPME1', 'ENSA', 'KIF23', 'PLK1', 'PSMD10', 'MDC1', 'HMMR', 'GSPT1', 'CCNB1', 'RRM2', 'CUL4A', 'GINS3', 'CEP55', 'RACGAP1', 'ANLN', 'KIF20A', 'CEP85', 'CTDP1', 'KIF4A', 'LCMT1', 'KIF22', 'EIF4EBP1', 'MCM2', 'GINS1', 'KHDRBS1', 'CNOT7', 'CHMP7', 'MCM4', 'SPAG5', 'CHMP2A', 'MCM3', 'PAFAH1B1', 'BUB1B', 'SBDS', 'GTSE1', 'PCM1', 'ATRX', 'BRD4', 'LEMD2', 'EP300', 'HMGA2', 'NUF2', 'FBXL6', 'RANBP2', 'CUL7', 'MKI67', 'HSP90AA1', 'XPO1', 'AKAP8L', 'NCAPD2', 'VRK1', 'RASA1', 'INHBA', 'DCUN1D3', 'ANKLE2', 'NUSAP1', 'USP8', 'SPC24', 'LPIN1', 'YWHAE', 'CHEK2', 'DSCC1', 'CDC73', 'PTEN', 'BOD1', 'CDK2', 'NDC80', 'NUDC', 'ECT2', 'BCL2L1', 'PSMF1', 'UBE2E2', 'NCAPH', 'HTT', 'RAD9A', 'ZPR1', 'LATS1', 'MCM6', 'EIF4G1', 'CIT', 'SKP1', 'RPS6KB1', 'CDK13']","[['IDA', 'IBA', 'TAS'], ['IBA', 'TAS'], ['IBA', 'TAS'], ['IDA', 'IMP', 'ISO', 'TAS'], ['IMP', 'TAS'], ['IMP'], ['IDA', 'IMP', 'IBA', 'TAS'], ['TAS'], ['IDA', 'IMP', 'IBA', 'TAS'], ['IDA', 'ISS', 'IBA', 'TAS'], ['IDA', 'IMP'], ['IMP', 'IBA', 'TAS'], ['IBA'], ['TAS'], ['IMP', 'TAS'], ['TAS'], ['IMP', 'IBA', 'NAS'], ['IMP', 'IBA', 'TAS', 'NAS'], ['TAS'], ['TAS'], ['IMP', 'TAS'], ['IDA', 'TAS'], ['IBA'], ['IMP', 'IBA', 'TAS'], ['IGI'], ['IBA', 'NAS'], ['IBA'], ['TAS'], ['IDA', 'IBA', 'NAS'], ['IBA'], ['IDA', 'IMP', 'IBA', 'TAS'], ['TAS'], ['ISS'], ['IDA', 'IBA'], ['IDA'], ['ISS', 'TAS'], ['TAS'], ['IDA'], ['IDA', 'IBA', 'TAS'], ['IMP', 'TAS'], ['IMP', 'ISO'], ['IDA', 'IMP', 'ISS', 'IBA', 'TAS'], ['IMP', 'IBA', 'TAS'], ['TAS'], ['IBA'], ['TAS'], ['ISS'], ['IMP', 'IBA', 'TAS'], ['IDA', 'IMP', 'TAS'], ['TAS'], ['TAS'], ['TAS'], ['TAS'], ['IDA', 'IMP', 'IBA', 'TAS'], ['TAS'], ['TAS'], ['IBA'], ['IMP', 'IGI', 'IBA'], ['IDA', 'IMP'], ['IDA', 'IBA', 'TAS'], ['IMP'], ['IMP'], ['IMP'], ['IMP', 'IBA'], ['IMP', 'TAS'], ['IMP'], ['IMP'], ['IBA'], ['IBA'], ['ISS', 'TAS'], ['TAS'], ['IMP', 'TAS'], ['IBA'], ['IMP'], ['IMP', 'TAS'], ['IBA'], ['IMP', 'IBA', 'TAS'], ['IBA', 'TAS'], ['IDA'], ['NAS'], ['TAS'], ['IMP'], ['IMP'], ['TAS'], ['TAS'], ['IDA'], ['IBA', 'TAS'], ['IBA'], ['TAS'], ['IMP', 'IBA'], ['IDA'], ['TAS'], ['TAS'], ['IMP'], ['IDA', 'IMP', 'IBA', 'NAS'], ['TAS'], ['ISS'], ['IDA'], ['IMP'], ['IMP', 'TAS'], ['IDA', 'IBA'], ['IMP'], ['TAS'], ['TAS'], ['TAS'], ['IMP', 'IBA', 'TAS'], ['IMP', 'IBA'], ['IDA'], ['IDA'], ['IMP'], ['IBA', 'TAS', 'NAS'], ['IMP', 'IBA', 'TAS'], ['IMP', 'TAS'], ['IMP', 'IBA'], ['IMP'], ['TAS'], ['IGI'], ['IDA', 'IMP', 'IBA'], ['IMP'], ['IBA'], ['IMP'], ['IDA', 'IBA'], ['IBA'], ['IMP'], ['IMP'], ['TAS'], ['IMP'], ['TAS']]"
GO:BP,GO:0022402,Selective growth and proliferative advantage,cell cycle process,3.42E-07,TRUE,"""The cellular process that ensures successive accurate and complete genome replication and chromosome segregation."" [GOC:isa_complete, GOC:mtg_cell_cycle]",969,916,159,12415,0.173580786,0.164086687,query_1,"['GO:0007049', 'GO:0009987']","['ZWINT', 'PRC1', 'NCAPG2', 'CDKN2A', 'KIF2C', 'TRIP13', 'NCAPD3', 'TYMS', 'KIF11', 'TPX2', 'CHEK1', 'INCENP', 'ANXA1', 'EMD', 'DYNC1LI1', 'CLIP1', 'KIFC1', 'CENPF', 'PPP2R2A', 'ZWILCH', 'TP53', 'TDRKH', 'SMC2', 'FBXL17', 'CDK1', 'CKAP2', 'DLGAP5', 'TOPBP1', 'ERCC6L', 'NCAPG', 'EZR', 'TXLNG', 'FANCD2', 'MAD2L1', 'CUL2', 'ZFP36L2', 'CCNA2', 'BLM', 'PCNA', 'CARM1', 'TFAP4', 'SMC4', 'SPC25', 'BCCIP', 'AURKB', 'MCM5', 'UBE2C', 'YWHAG', 'VCP', 'PPME1', 'ENSA', 'KIF23', 'PLK1', 'PSMD10', 'CHTF18', 'MDC1', 'HMMR', 'GSPT1', 'CCNB1', 'RECQL5', 'RRM2', 'CUL4A', 'TOP2A', 'GINS3', 'CEP55', 'RACGAP1', 'ANLN', 'KIF20A', 'CEP85', 'CTDP1', 'KIF4A', 'RFC5', 'LCMT1', 'KIF22', 'EIF4EBP1', 'WRN', 'SMARCAD1', 'RFC1', 'PRIM1', 'SENP6', 'MCM2', 'GINS1', 'KHDRBS1', 'CNOT7', 'CHMP7', 'SIRT1', 'MCM4', 'SPAG5', 'RFC4', 'SH3GLB1', 'POLA2', 'CHMP2A', 'MCM3', 'MSH6', 'PAFAH1B1', 'GIPC1', 'BUB1B', 'SBDS', 'GTSE1', 'POLD3', 'TIPRL', 'PCM1', 'ATRX', 'BRD4', 'LEMD2', 'EP300', 'HMGA2', 'NUF2', 'FBXL6', 'RANBP2', 'CUL7', 'MKI67', 'HSP90AA1', 'XPO1', 'AKAP8L', 'NCAPD2', 'VRK1', 'EZH2', 'RASA1', 'INHBA', 'DCUN1D3', 'ANKLE2', 'NUSAP1', 'USP8', 'SPC24', 'LPIN1', 'YWHAE', 'CLOCK', 'CHEK2', 'DSCC1', 'CDC73', 'PTEN', 'BOD1', 'CDK2', 'NDC80', 'NUDC', 'ECT2', 'HDAC8', 'ATR', 'BCL2L1', 'PSMF1', 'UBE2E2', 'NCAPH', 'MSH3', 'LIMK2', 'HTT', 'RAD9A', 'ZPR1', 'LATS1', 'MCM6', 'CCAR2', 'RFC3', 'NCOR1', 'EIF4G1', 'CIT', 'FBXO6', 'SKP1', 'RPS6KB1', 'CDK13']","[['IDA', 'IBA', 'TAS'], ['IDA', 'IBA', 'TAS'], ['IBA', 'TAS'], ['IDA', 'IMP', 'ISO', 'TAS'], ['IMP', 'TAS'], ['IMP', 'ISS', 'IBA'], ['IDA', 'IMP', 'IBA', 'TAS'], ['TAS'], ['IDA', 'IMP', 'IBA', 'TAS'], ['IDA', 'ISS', 'IBA', 'TAS'], ['IDA', 'IMP', 'TAS'], ['IMP', 'IBA', 'TAS'], ['IBA'], ['TAS'], ['IMP', 'TAS'], ['TAS'], ['IMP', 'IBA', 'NAS'], ['IDA', 'IMP', 'IBA', 'TAS', 'NAS'], ['TAS'], ['TAS'], ['IMP', 'TAS'], ['ISS'], ['IDA', 'TAS'], ['IBA'], ['IMP', 'IBA', 'TAS'], ['IGI'], ['IBA', 'NAS'], ['IBA'], ['TAS'], ['IDA', 'IBA', 'NAS'], ['IMP'], ['IMP'], ['IMP', 'IBA'], ['IDA', 'IMP', 'IBA', 'TAS'], ['TAS'], ['ISS'], ['IDA', 'IBA'], ['IDA', 'TAS'], ['ISS', 'TAS'], ['TAS'], ['IDA'], ['IDA', 'IBA', 'TAS'], ['IMP', 'TAS'], ['IMP', 'ISO'], ['IDA', 'IMP', 'ISS', 'IBA', 'TAS'], ['IBA'], ['IMP', 'IBA', 'TAS'], ['TAS'], ['IBA'], ['TAS'], ['ISS'], ['IMP', 'IBA', 'TAS'], ['IDA', 'IMP', 'IBA', 'TAS'], ['TAS'], ['TAS'], ['TAS'], ['TAS'], ['TAS'], ['IDA', 'IMP', 'IBA', 'TAS'], ['IMP'], ['TAS'], ['TAS'], ['IBA'], ['IBA'], ['IMP', 'IGI', 'IBA'], ['IDA', 'IMP'], ['IDA', 'IBA', 'TAS'], ['IDA', 'IMP'], ['IMP'], ['IMP'], ['IMP', 'IBA'], ['TAS'], ['IMP', 'TAS'], ['IMP'], ['IMP'], ['TAS'], ['IMP'], ['TAS'], ['TAS'], ['IMP', 'IBA'], ['IBA'], ['IBA'], ['ISS', 'TAS'], ['TAS'], ['IMP', 'TAS'], ['IDA'], ['IBA'], ['IMP'], ['TAS'], ['IMP'], ['TAS'], ['IMP', 'TAS'], ['IBA'], ['ISS', 'IBA'], ['IMP', 'IBA', 'TAS'], ['IMP'], ['IBA', 'TAS'], ['IDA'], ['TAS', 'NAS'], ['TAS'], ['IMP'], ['IMP', 'IBA', 'TAS'], ['IMP', 'ISS'], ['IMP', 'ISO'], ['TAS'], ['TAS'], ['IDA'], ['IBA', 'TAS'], ['IBA'], ['TAS'], ['IMP', 'IBA'], ['IDA'], ['TAS'], ['TAS'], ['IMP'], ['IDA', 'IMP', 'IBA', 'NAS'], ['TAS'], ['IMP', 'TAS'], ['ISS'], ['IDA'], ['IMP'], ['IMP', 'TAS'], ['IDA', 'IBA'], ['IMP'], ['TAS'], ['TAS'], ['TAS'], ['IMP'], ['IMP', 'IBA', 'TAS'], ['IMP', 'IBA', 'TAS'], ['IDA', 'IMP'], ['IDA'], ['IMP'], ['IMP', 'IBA', 'TAS', 'NAS'], ['IDA', 'IMP', 'IBA', 'TAS'], ['IMP', 'TAS'], ['IDA', 'IMP', 'IBA'], ['IMP'], ['IDA', 'IBA'], ['IMP'], ['TAS'], ['IGI'], ['IDA', 'IMP', 'IBA'], ['IBA'], ['IDA'], ['IMP'], ['IMP', 'IBA', 'TAS'], ['IMP', 'ISS'], ['IDA', 'IBA'], ['IBA'], ['IMP'], ['TAS'], ['IMP'], ['IMP'], ['IMP'], ['TAS'], ['TAS'], ['IMP'], ['TAS']]"
GO:BP,GO:0000280,Selective growth and proliferative advantage,nuclear division,1.18E-06,TRUE,"""The division of a cell nucleus into two nuclei, with DNA and other nuclear contents distributed between the daughter nuclei."" [GOC:mah]",316,109,22,12415,0.201834862,0.069620253,query_1,['GO:0048285'],"['ZWINT', 'PRC1', 'NCAPG2', 'KIF2C', 'TRIP13', 'NCAPD3', 'KIF11', 'TPX2', 'CHEK1', 'INCENP', 'EMD', 'DYNC1LI1', 'KIFC1', 'CENPF', 'PPP2R2A', 'TDRKH', 'SMC2', 'CDK1', 'DLGAP5', 'NCAPG', 'FANCD2', 'MAD2L1']","[['IDA', 'IBA'], ['IBA', 'TAS'], ['IBA', 'TAS'], ['IMP'], ['IMP', 'ISS', 'IBA'], ['IDA', 'IMP', 'IBA', 'TAS'], ['IDA', 'IMP', 'IBA'], ['IDA', 'IBA'], ['IDA'], ['IBA'], ['TAS'], ['IMP'], ['IMP', 'IBA', 'NAS'], ['NAS'], ['TAS'], ['ISS'], ['IDA', 'TAS'], ['TAS'], ['NAS'], ['IDA', 'IBA', 'NAS'], ['IMP', 'IBA'], ['IDA', 'IMP', 'IBA', 'TAS']]"
GO:BP,GO:0140014,Selective growth and proliferative advantage,mitotic nuclear division,1.28E-06,TRUE,"""A mitotic cell cycle process comprising the steps by which the nucleus of a eukaryotic cell divides; the process involves condensation of chromosomal DNA into a highly compacted form. Canonically, mitosis produces two daughter nuclei whose chromosome complement is identical to that of the mother cell."" [ISBN:0198547684]",269,93,18,12415,0.193548387,0.066914498,query_1,"['GO:0000280', 'GO:1903047']","['ZWINT', 'PRC1', 'NCAPG2', 'KIF2C', 'TRIP13', 'NCAPD3', 'KIF11', 'TPX2', 'CHEK1', 'EMD', 'DYNC1LI1', 'KIFC1', 'CENPF', 'PPP2R2A', 'SMC2', 'CDK1', 'DLGAP5', 'NCAPG']","[['IDA', 'IBA'], ['IBA', 'TAS'], ['IBA', 'TAS'], ['IMP'], ['IMP'], ['IDA', 'IMP', 'IBA', 'TAS'], ['IDA', 'IMP', 'IBA'], ['IDA', 'IBA'], ['IDA'], ['TAS'], ['IMP'], ['IMP', 'IBA', 'NAS'], ['NAS'], ['TAS'], ['IDA', 'TAS'], ['TAS'], ['NAS'], ['IDA', 'IBA', 'NAS']]"
GO:BP,GO:0048285,Metabolic rewiring,organelle fission,1.97E-06,TRUE,"""The creation of two or more organelles by division of one organelle."" [GOC:jid]",355,112,23,12415,0.205357143,0.064788732,query_1,['GO:0006996'],"['ZWINT', 'PRC1', 'NCAPG2', 'KIF2C', 'TRIP13', 'NCAPD3', 'KIF11', 'TPX2', 'CHEK1', 'INCENP', 'EMD', 'DYNC1LI1', 'KIFC1', 'CENPF', 'PPP2R2A', 'TDRKH', 'SMC2', 'CDK1', 'DLGAP5', 'NCAPG', 'FANCD2', 'MAD2L1', 'GDAP1']","[['IDA', 'IBA'], ['IBA', 'TAS'], ['IBA', 'TAS'], ['IMP'], ['IMP', 'ISS', 'IBA'], ['IDA', 'IMP', 'IBA', 'TAS'], ['IDA', 'IMP', 'IBA'], ['IDA', 'IBA'], ['IDA'], ['IBA'], ['TAS'], ['IMP'], ['IMP', 'IBA', 'NAS'], ['NAS'], ['TAS'], ['ISS'], ['IDA', 'TAS'], ['TAS'], ['NAS'], ['IDA', 'IBA', 'NAS'], ['IMP', 'IBA'], ['IDA', 'IMP', 'IBA', 'TAS'], ['IDA', 'IBA']]"
GO:BP,GO:0051276,Selective growth and proliferative advantage,chromosome organization,2.38E-06,TRUE,"""A process that is carried out at the cellular level that results in the assembly, arrangement of constituent parts, or disassembly of chromosomes, structures composed of a very long molecule of DNA and associated proteins that carries hereditary information. This term covers covalent modifications at the molecular level as well as spatial relationships among the major components of a chromosome."" [GOC:ai, GOC:dph, GOC:jl, GOC:mah]",823,109,33,12415,0.302752294,0.040097205,query_1,['GO:0006996'],"['ZWINT', 'PRC1', 'NCAPG2', 'DHX36', 'CDKN2A', 'NSD3', 'KIF2C', 'TRIP13', 'NCAPD3', 'GATAD2B', 'USP7', 'CHEK1', 'INCENP', 'ANXA1', 'DYNC1LI1', 'USP16', 'FOXA1', 'KIFC1', 'SMARCC2', 'CENPF', 'TP53', 'SMC2', 'ASF1B', 'WDR70', 'CDK1', 'MLLT3', 'CHAF1B', 'DLGAP5', 'NCAPG', 'UHRF1', 'FANCD2', 'ATAD2', 'MAD2L1']","[['IDA', 'IBA'], ['IBA', 'TAS'], ['IBA', 'TAS'], ['IDA', 'IMP'], ['IMP'], ['IDA', 'IMP'], ['IMP'], ['IMP', 'ISS'], ['IDA', 'IMP', 'IBA', 'TAS'], ['HDA'], ['ISS', 'TAS'], ['ISS'], ['IBA'], ['IBA'], ['IMP'], ['IDA', 'IMP', 'ISS'], ['ISS'], ['IMP', 'NAS'], ['IDA', 'HDA', 'IBA'], ['NAS'], ['IDA'], ['IDA', 'TAS'], ['IDA', 'IBA'], ['IBA'], ['TAS'], ['IMP'], ['IDA', 'IBA'], ['IBA', 'NAS'], ['IDA', 'IBA', 'NAS'], ['IDA', 'ISS', 'IBA'], ['IMP', 'IBA'], ['IBA'], ['IDA', 'IMP', 'IBA', 'TAS']]"
GO:BP,GO:0007049,Selective growth and proliferative advantage,cell cycle,3.74E-06,TRUE,"""The progression of biochemical and morphological phases and events that occur in a cell during successive cell replication or nuclear replication events. Canonically, the cell cycle comprises the replication and segregation of genetic material followed by the division of the cell, but in endocycles or syncytial cells nuclear replication or nuclear division may not be followed by cell division."" [GOC:go_curators, GOC:mtg_cell_cycle]",1143,981,187,12415,0.190621814,0.163604549,query_1,['GO:0009987'],"['ZWINT', 'PRC1', 'NCAPG2', 'CDKN2A', 'KIF2C', 'TRIP13', 'PBK', 'NCAPD3', 'TYMS', 'KIF11', 'TPX2', 'CHEK1', 'INCENP', 'ANXA1', 'EMD', 'DYNC1LI1', 'CLIP1', 'USP16', 'FOXA1', 'KIFC1', 'HSF1', 'CENPF', 'PPP2R2A', 'ZWILCH', 'TP53', 'TDRKH', 'SMC2', 'FBXL17', 'CDK1', 'CKAP2', 'DLGAP5', 'TOPBP1', 'ERCC6L', 'WDHD1', 'NCAPG', 'EZR', 'TXLNG', 'FANCD2', 'MAD2L1', 'CUL2', 'ZFP36L2', 'CCNA2', 'BLM', 'PCNA', 'CARM1', 'TFAP4', 'IPO7', 'SMC4', 'NOLC1', 'SPC25', 'BCCIP', 'TUBB6', 'AURKB', 'MCM5', 'UBE2C', 'YWHAG', 'VCP', 'PPME1', 'ENSA', 'KIF23', 'PLK1', 'PSMD10', 'CHTF18', 'MDC1', 'HMMR', 'GSPT1', 'CCNB1', 'CCNT1', 'RECQL5', 'RRM2', 'CUL4A', 'TOP2A', 'GINS3', 'CEP55', 'RACGAP1', 'ANLN', 'KIF20A', 'CEP85', 'CTDP1', 'KIF4A', 'RFC5', 'LCMT1', 'KIF22', 'EIF4EBP1', 'WRN', 'SMARCAD1', 'TUBB2A', 'RFC1', 'PRIM1', 'SENP6', 'MCM2', 'GINS1', 'KHDRBS1', 'CNOT7', 'CHMP7', 'GTF2H1', 'SIRT1', 'MCM4', 'SPAG5', 'LIN54', 'RFC4', 'SH3GLB1', 'POLA2', 'CHMP2A', 'MCM3', 'MSH6', 'PAFAH1B1', 'GIPC1', 'BUB1B', 'SBDS', 'GTSE1', 'POLD3', 'TIPRL', 'PCM1', 'ATRX', 'BRD4', 'LEMD2', 'EP300', 'TUBB3', 'HMGA2', 'NUF2', 'FBXL6', 'RANBP2', 'CUL7', 'MKI67', 'HSP90AA1', 'XPO1', 'AKAP8L', 'TP53BP2', 'NCAPD2', 'VRK1', 'EZH2', 'RASA1', 'INHBA', 'DCUN1D3', 'ANKLE2', 'KIF15', 'NUSAP1', 'USP8', 'SPC24', 'LPIN1', 'YWHAE', 'SRPK2', 'CLOCK', 'CHEK2', 'DSCC1', 'CDC73', 'PTEN', 'BOD1', 'CDK2', 'NDC80', 'NUDC', 'ECT2', 'HDAC8', 'ATR', 'CKS1B', 'BCL2L1', 'PSMF1', 'UBE2E2', 'NCAPH', 'ZNF703', 'MSH3', 'LIMK2', 'HTT', 'RAD9A', 'ZPR1', 'LATS1', 'MCM6', 'CCAR2', 'RFC3', 'NCOR1', 'EIF4G1', 'CIT', 'FBXO6', 'SKP1', 'RPS6KB1', 'CDK13', 'GBF1', 'CUL4B', 'POGZ', 'SRA1', 'CHORDC1', 'HAUS6', 'RNF2', 'KNTC1', 'DUSP3', 'PTPRK']","[['IDA', 'IBA', 'TAS'], ['IDA', 'IBA', 'TAS'], ['IBA', 'TAS'], ['IDA', 'IMP', 'ISO', 'TAS'], ['IMP', 'TAS'], ['IMP', 'ISS', 'IBA'], ['NAS'], ['IDA', 'IMP', 'IBA', 'TAS'], ['TAS'], ['IDA', 'IMP', 'IBA', 'TAS'], ['IDA', 'ISS', 'IBA', 'TAS'], ['IDA', 'IMP', 'TAS'], ['IMP', 'IBA', 'TAS'], ['IBA'], ['TAS'], ['IMP', 'TAS'], ['TAS'], ['IDA'], ['IMP'], ['IMP', 'IBA', 'NAS'], ['IMP'], ['IDA', 'IMP', 'IBA', 'TAS', 'NAS'], ['TAS'], ['TAS'], ['IMP', 'TAS'], ['ISS'], ['IDA', 'TAS'], ['IBA'], ['IMP', 'IBA', 'TAS'], ['IGI'], ['IBA', 'NAS'], ['IBA'], ['TAS'], ['IBA'], ['IDA', 'IBA', 'NAS'], ['IMP'], ['IMP', 'ISS', 'IBA'], ['IMP', 'IBA'], ['IDA', 'IMP', 'IBA', 'TAS'], ['TAS'], ['ISS'], ['IDA', 'IBA'], ['IDA', 'IMP', 'TAS'], ['ISS', 'TAS'], ['TAS'], ['IDA'], ['TAS'], ['IDA', 'IBA', 'TAS'], ['TAS'], ['IMP', 'TAS'], ['IDA', 'IMP', 'ISO', 'TAS'], ['IBA'], ['IDA', 'IMP', 'ISS', 'IBA', 'TAS'], ['IBA'], ['IMP', 'IBA', 'TAS'], ['TAS'], ['IBA'], ['TAS'], ['ISS'], ['IMP', 'IBA', 'TAS'], ['IDA', 'IMP', 'IBA', 'TAS'], ['IDA', 'TAS'], ['TAS'], ['TAS'], ['TAS'], ['TAS'], ['IDA', 'IMP', 'IBA', 'TAS'], ['TAS'], ['IMP'], ['TAS'], ['TAS'], ['IBA'], ['IBA'], ['IMP', 'IGI', 'IBA'], ['IDA', 'IMP'], ['IDA', 'IBA', 'TAS'], ['IDA', 'IMP'], ['IMP'], ['IMP'], ['IMP', 'IBA'], ['TAS'], ['IMP', 'TAS'], ['IMP', 'TAS'], ['IMP'], ['TAS'], ['IMP'], ['IBA'], ['TAS'], ['TAS'], ['IMP', 'IBA'], ['IBA'], ['IBA'], ['ISS', 'TAS'], ['TAS'], ['IMP', 'TAS'], ['TAS'], ['IDA'], ['IBA'], ['IMP'], ['TAS'], ['TAS'], ['IMP'], ['TAS'], ['IMP', 'TAS'], ['IBA'], ['ISS', 'IBA'], ['IMP', 'IBA', 'TAS'], ['IMP'], ['IBA', 'TAS', 'NAS'], ['IDA'], ['TAS', 'NAS'], ['TAS'], ['IMP'], ['IMP', 'IBA', 'TAS'], ['IMP', 'ISS'], ['IMP', 'ISO'], ['TAS'], ['TAS'], ['IBA'], ['IDA'], ['IBA', 'TAS'], ['IBA'], ['TAS'], ['IMP', 'IBA'], ['IDA'], ['TAS'], ['TAS'], ['IMP'], ['TAS'], ['IDA', 'IMP', 'IBA', 'NAS'], ['TAS'], ['IMP', 'TAS'], ['ISS'], ['IDA'], ['IMP'], ['IMP', 'TAS'], ['TAS'], ['IDA', 'IBA'], ['IMP'], ['TAS'], ['TAS'], ['TAS'], ['ISS'], ['IMP'], ['IMP', 'IBA', 'TAS'], ['IMP', 'IBA', 'TAS'], ['IDA', 'IMP'], ['IDA'], ['IMP'], ['IMP', 'IBA', 'TAS', 'NAS'], ['IDA', 'IMP', 'IBA', 'TAS'], ['IMP', 'TAS'], ['IDA', 'IMP', 'IBA'], ['IMP'], ['IDA', 'IBA'], ['IBA'], ['IMP'], ['TAS'], ['IGI'], ['IDA', 'IMP', 'IBA'], ['IDA'], ['IBA'], ['IDA'], ['IMP'], ['IMP', 'IBA', 'TAS'], ['IMP', 'ISS'], ['IDA', 'IBA'], ['IBA'], ['IMP'], ['TAS'], ['IMP'], ['IMP'], ['IMP', 'ISS'], ['TAS'], ['TAS'], ['IMP'], ['TAS'], ['IMP'], ['NAS'], ['IMP'], ['IDA'], ['IBA'], ['IMP', 'TAS'], ['TAS'], ['IDA', 'TAS', 'NAS'], ['IMP', 'IBA'], ['IDA']]"
GO:BP,GO:0007052,Selective growth and proliferative advantage,mitotic spindle organization,4.95E-06,TRUE,"""A process that is carried out at the cellular level which results in the assembly, arrangement of constituent parts, or disassembly of the microtubule spindle during a mitotic cell cycle."" [GOC:go_curators, GOC:mah]",172,216,20,12415,0.092592593,0.11627907,query_1,"['GO:0007051', 'GO:1902850']","['ZWINT', 'PRC1', 'KIF2C', 'KIF11', 'TPX2', 'INCENP', 'DYNC1LI1', 'CLIP1', 'KIFC1', 'CENPF', 'ZWILCH', 'DLGAP5', 'ERCC6L', 'MAD2L1', 'SPC25', 'BCCIP', 'AURKB', 'VCP', 'KIF23', 'PLK1']","[['TAS'], ['IBA', 'TAS'], ['TAS'], ['IDA', 'IMP', 'IBA', 'TAS'], ['IDA', 'ISS', 'IBA'], ['TAS'], ['TAS'], ['TAS'], ['IMP', 'IBA'], ['TAS'], ['TAS'], ['IBA'], ['TAS'], ['TAS'], ['IMP', 'TAS'], ['IMP'], ['IMP', 'IBA', 'TAS'], ['IBA'], ['IMP', 'IBA', 'TAS'], ['IDA', 'TAS']]"
GO:BP,GO:0000070,Selective growth and proliferative advantage,mitotic sister chromatid segregation,6.80E-06,TRUE,"""The cell cycle process in which replicated homologous chromosomes are organized and then physically separated and apportioned to two sets during the mitotic cell cycle. Each replicated chromosome, composed of two sister chromatids, aligns at the cell equator, paired with its homologous partner. One homolog of each morphologic type goes into each of the resulting chromosome sets."" [GOC:ai, GOC:jl]",142,807,37,12415,0.045848823,0.26056338,query_1,"['GO:0000819', 'GO:0140014', 'GO:1903047']","['ZWINT', 'PRC1', 'NCAPG2', 'KIF2C', 'TRIP13', 'NCAPD3', 'DYNC1LI1', 'KIFC1', 'CENPF', 'SMC2', 'CDK1', 'DLGAP5', 'NCAPG', 'MAD2L1', 'SMC4', 'AURKB', 'UBE2C', 'KIF23', 'PLK1', 'CCNB1', 'RACGAP1', 'KIF4A', 'LCMT1', 'KIF22', 'CHMP7', 'SPAG5', 'CHMP2A', 'BUB1B', 'ATRX', 'NUF2', 'AKAP8L', 'NCAPD2', 'NUSAP1', 'DSCC1', 'BOD1', 'NDC80', 'NUDC']","[['IDA', 'IBA'], ['IBA', 'TAS'], ['IBA', 'TAS'], ['IMP'], ['IMP'], ['IDA', 'IMP', 'IBA', 'TAS'], ['IMP'], ['IMP', 'NAS'], ['NAS'], ['IDA', 'TAS'], ['TAS'], ['NAS'], ['IDA', 'IBA', 'NAS'], ['IDA', 'IMP', 'IBA', 'TAS'], ['IDA', 'IBA', 'TAS'], ['IDA', 'IMP', 'TAS'], ['IBA'], ['IMP', 'IBA', 'TAS'], ['IDA', 'IMP', 'TAS'], ['IMP', 'IBA', 'TAS'], ['IDA'], ['IMP'], ['IMP'], ['IMP'], ['IMP'], ['IMP'], ['IMP'], ['IBA'], ['IMP'], ['IBA'], ['IMP'], ['IDA', 'IMP', 'IBA', 'NAS'], ['IDA', 'IBA'], ['IMP', 'IBA'], ['IMP'], ['IMP', 'IBA', 'TAS'], ['IMP']]"
GO:BP,GO:1902850,Selective growth and proliferative advantage,microtubule cytoskeleton organization involved in mitosis,1.80E-05,TRUE,"""Any microtubule cytoskeleton organization that is involved in mitosis."" [GO_REF:0000060, GOC:TermGenie, PMID:18799626]",183,216,20,12415,0.092592593,0.109289617,query_1,"['GO:0000226', 'GO:1903047']","['ZWINT', 'PRC1', 'KIF2C', 'KIF11', 'TPX2', 'INCENP', 'DYNC1LI1', 'CLIP1', 'KIFC1', 'CENPF', 'ZWILCH', 'DLGAP5', 'ERCC6L', 'MAD2L1', 'SPC25', 'BCCIP', 'AURKB', 'VCP', 'KIF23', 'PLK1']","[['TAS'], ['IBA', 'TAS'], ['TAS'], ['IDA', 'IMP', 'IBA', 'TAS'], ['IDA', 'ISS', 'IBA'], ['TAS'], ['TAS'], ['TAS'], ['IMP', 'IBA'], ['TAS'], ['TAS'], ['IBA'], ['TAS'], ['IMP', 'TAS'], ['IMP', 'TAS'], ['IMP', 'ISO'], ['IMP', 'IBA', 'TAS'], ['IBA'], ['IMP', 'IBA', 'TAS'], ['IDA', 'TAS']]"
GO:BP,GO:0000819,Selective growth and proliferative advantage,sister chromatid segregation,3.44E-05,TRUE,"""The cell cycle process in which sister chromatids are organized and then physically separated and apportioned to two or more sets."" [GOC:ai, GOC:elh]",164,874,41,12415,0.046910755,0.25,query_1,"['GO:0051276', 'GO:0098813']","['ZWINT', 'PRC1', 'NCAPG2', 'KIF2C', 'TRIP13', 'NCAPD3', 'DYNC1LI1', 'KIFC1', 'CENPF', 'SMC2', 'CDK1', 'DLGAP5', 'NCAPG', 'MAD2L1', 'SMC4', 'AURKB', 'UBE2C', 'KIF23', 'PLK1', 'CCNB1', 'TOP2A', 'RACGAP1', 'KIF4A', 'LCMT1', 'KIF22', 'CHMP7', 'SPAG5', 'CHMP2A', 'BUB1B', 'ATRX', 'NUF2', 'AKAP8L', 'NCAPD2', 'NUSAP1', 'DSCC1', 'BOD1', 'NDC80', 'NUDC', 'HDAC8', 'NCAPH', 'LATS1']","[['IDA', 'IBA'], ['IBA', 'TAS'], ['IBA', 'TAS'], ['IMP'], ['IMP'], ['IDA', 'IMP', 'IBA', 'TAS'], ['IMP'], ['IMP', 'NAS'], ['NAS'], ['IDA', 'TAS'], ['TAS'], ['NAS'], ['IDA', 'IBA', 'NAS'], ['IDA', 'IMP', 'IBA', 'TAS'], ['IDA', 'IBA', 'TAS'], ['IDA', 'IMP', 'TAS'], ['IBA'], ['IMP', 'IBA', 'TAS'], ['IDA', 'IMP', 'TAS'], ['IMP', 'IBA', 'TAS'], ['IBA'], ['IDA'], ['IMP'], ['IMP'], ['IMP'], ['IMP'], ['IMP'], ['IMP'], ['IBA'], ['IMP'], ['IBA'], ['IMP'], ['IDA', 'IMP', 'IBA', 'NAS'], ['IDA', 'IBA'], ['IMP', 'IBA'], ['IMP'], ['IMP', 'IBA', 'TAS'], ['IMP'], ['IMP'], ['IDA', 'IMP', 'IBA'], ['IDA']]"
GO:BP,GO:0007051,Selective growth and proliferative advantage,spindle organization,4.57E-05,TRUE,"""A process that is carried out at the cellular level which results in the assembly, arrangement of constituent parts, or disassembly of the spindle, the array of microtubules and associated molecules that forms between opposite poles of a eukaryotic cell during DNA segregation and serves to move the duplicated chromosomes apart."" [GOC:go_curators, GOC:mah]",213,216,21,12415,0.097222222,0.098591549,query_1,"['GO:0000226', 'GO:0022402']","['ZWINT', 'PRC1', 'KIF2C', 'KIF11', 'TPX2', 'INCENP', 'DYNC1LI1', 'CLIP1', 'KIFC1', 'CENPF', 'ZWILCH', 'DLGAP5', 'ERCC6L', 'EZR', 'MAD2L1', 'SPC25', 'BCCIP', 'AURKB', 'VCP', 'KIF23', 'PLK1']","[['TAS'], ['IBA', 'TAS'], ['TAS'], ['IDA', 'IMP', 'IBA', 'TAS'], ['IDA', 'ISS', 'IBA'], ['IBA', 'TAS'], ['TAS'], ['TAS'], ['IMP', 'IBA'], ['TAS'], ['TAS'], ['IBA'], ['TAS'], ['IMP'], ['TAS'], ['IMP', 'TAS'], ['IMP'], ['IMP', 'IBA', 'TAS'], ['IBA'], ['IMP', 'IBA', 'TAS'], ['IDA', 'TAS']]"
GO:BP,GO:0098813,Selective growth and proliferative advantage,nuclear chromosome segregation,5.35E-05,TRUE,"""The process in which genetic material, in the form of nuclear chromosomes, is organized into specific structures and then physically separated and apportioned to two or more sets. Nuclear chromosome segregation begins with the condensation of chromosomes, includes chromosome separation, and ends when chromosomes have completed movement to the spindle poles."" [GOC:dos]",192,109,16,12415,0.146788991,0.083333333,query_1,"['GO:0007059', 'GO:0022402']","['ZWINT', 'PRC1', 'NCAPG2', 'KIF2C', 'TRIP13', 'NCAPD3', 'INCENP', 'DYNC1LI1', 'KIFC1', 'CENPF', 'SMC2', 'CDK1', 'DLGAP5', 'NCAPG', 'FANCD2', 'MAD2L1']","[['IDA', 'IBA'], ['IBA', 'TAS'], ['IBA', 'TAS'], ['IMP'], ['IMP', 'ISS'], ['IDA', 'IMP', 'IBA', 'TAS'], ['IBA'], ['IMP'], ['IMP', 'NAS'], ['IDA', 'IBA', 'NAS'], ['IDA', 'TAS'], ['TAS'], ['NAS'], ['IDA', 'IBA', 'NAS'], ['IMP', 'IBA'], ['IDA', 'IMP', 'IBA', 'TAS']]"
GO:BP,GO:0006271,Selective growth and proliferative advantage,DNA strand elongation involved in DNA replication,7.94E-05,TRUE,"""The process in which an existing DNA strand is extended by activities including the addition of nucleotides to the 3' end of the strand, complementary to an existing template, as part of DNA replication."" [GOC:mah, ISBN:071673706X, ISBN:0815316194]",18,1570,14,12415,0.008917197,0.777777778,query_1,"['GO:0006261', 'GO:0022616']","['GINS2', 'PCNA', 'GINS3', 'GINS1', 'MCM4', 'GINS4', 'RFC4', 'MCM3', 'POLD3', 'RFC3', 'POLD2', 'LIG3', 'MCM7', 'LIG1']","[['TAS'], ['IBA'], ['TAS'], ['IBA', 'TAS'], ['IBA'], ['TAS'], ['TAS'], ['IBA'], ['IBA'], ['TAS'], ['IBA'], ['IBA'], ['IBA'], ['IBA']]"
GO:BP,GO:0033260,Selective growth and proliferative advantage,nuclear DNA replication,0.000112812,TRUE,"""The DNA-dependent DNA replication that occurs in the nucleus of eukaryotic organisms as part of the cell cycle."" [GOC:mtg_cell_cycle]",56,585,17,12415,0.029059829,0.303571429,query_1,['GO:0044786'],"['BLM', 'PCNA', 'MCM5', 'CHTF18', 'GINS3', 'RFC5', 'WRN', 'RFC1', 'PRIM1', 'MCM2', 'GINS1', 'MCM4', 'RFC4', 'POLA2', 'MCM3', 'POLD3', 'ATRX']","[['TAS'], ['ISS', 'TAS'], ['IBA'], ['TAS'], ['IBA'], ['TAS'], ['TAS'], ['TAS'], ['TAS'], ['IBA'], ['IBA'], ['IBA'], ['TAS'], ['TAS'], ['IBA'], ['TAS'], ['ISS']]"
GO:BP,GO:0044786,Selective growth and proliferative advantage,cell cycle DNA replication,0.000135136,TRUE,"""The DNA-dependent DNA replication that takes place as part of the cell cycle."" [GOC:mtg_cell_cycle]",57,886,21,12415,0.023702032,0.368421053,query_1,"['GO:0006261', 'GO:0022402']","['BLM', 'PCNA', 'MCM5', 'CHTF18', 'GINS3', 'RFC5', 'WRN', 'RFC1', 'PRIM1', 'MCM2', 'GINS1', 'MCM4', 'RFC4', 'POLA2', 'MCM3', 'POLD3', 'ATRX', 'DSCC1', 'ZPR1', 'MCM6', 'RFC3']","[['TAS'], ['ISS', 'TAS'], ['IBA'], ['TAS'], ['IBA'], ['TAS'], ['TAS'], ['TAS'], ['TAS'], ['IBA'], ['IBA'], ['IBA'], ['TAS'], ['TAS'], ['IBA'], ['TAS'], ['ISS'], ['TAS'], ['ISS'], ['IBA'], ['TAS']]"
GO:BP,GO:0044282,Metabolic rewiring,small molecule catabolic process,0.00025152,TRUE,"""The chemical reactions and pathways resulting in the breakdown of small molecules, any low molecular weight, monomeric, non-encoded molecule."" [GOC:curators, GOC:vw]",326,3659,160,12415,0.043727794,0.490797546,query_1,"['GO:0009056', 'GO:0044281']","['PGK1', 'ACAD10', 'XDH', 'ENTPD5', 'KHK', 'MECR', 'SDS', 'APOE', 'PGAM1', 'ARG2', 'EHHADH', 'NUDT1', 'FOXK1', 'LPIN1', 'LONP2', 'PTEN', 'RIDA', 'LPIN2', 'PON3', 'MMAA', 'CARNMT1', 'SHMT2', 'GSTZ1', 'GPI', 'AKR1B10', 'CTH', 'SLC27A4', 'HGD', 'CROT', 'NT5C3A', 'INPP1', 'INPP5K', 'NUDT15', 'ALDOC', 'HADHB', 'IDO1', 'ACOT8', 'PFKL', 'PKM', 'TPI1', 'XYLB', 'GNPDA2', 'SHMT1', 'ENPP4', 'DDAH2', 'ACSF3', 'TKFC', 'PECR', 'ATP2B4', 'IL4I1', 'PGM2L1', 'GALM', 'GCSH', 'PRODH', 'IDNK', 'ACBD5', 'ECI1', 'GALT', 'HK2', 'UPP1', 'PFKP', 'IMPA2', 'OCRL', 'BCAT1', 'KYNU', 'CPT1A', 'NUDT5', 'ENO1', 'NUDT16', 'SRD5A3', 'GOT1', 'TYMP', 'NT5E', 'IRS2', 'INPP5A', 'LPIN3', 'NUDT19', 'HSD17B4', 'AKT1', 'ECI2', 'ACAA2', 'GAPDH', 'APOBEC3C', 'FAH', 'ACOX3', 'PHYKPL', 'AASS', 'GLDC', 'OXCT1', 'QPRT', 'ADO', 'ALDH1L1', 'MCAT', 'ACADM', 'ACADL', 'BDH1', 'SORD', 'HNMT', 'PNP', 'DDAH1', 'ENTPD1', 'SCARF1', 'GLUD1', 'ACAD8', 'MPST', 'NPL', 'HYKK', 'GSK3A', 'ALDH3A2', 'ALDH5A1', 'APOBEC3G', 'LDHD', 'ADA', 'IRS1', 'HSD17B10', 'HACL1', 'DLST', 'DLD', 'CRAT', 'ENO3', 'ALDH7A1', 'ETFB', 'AKT2', 'ALDH1A1', 'ETFDH', 'OAT', 'MCCC2', 'ACADS', 'ILVBL', 'BDH2', 'TST', 'PGAM2', 'NT5C1A', 'ECHS1', 'ABCD3', 'ALDH6A1', 'ADAL', 'DBT', 'PFKM', 'CRYM', 'IVD', 'ASRGL1', 'SULT1B1', 'CRYL1', 'HIBADH', 'PCCA', 'MUT', 'MCCC1', 'HMGCL', 'PHYH', 'HMGCLL1', 'DECR1', 'ACADSB', 'HIBCH', 'ACAT1', 'HADH', 'CYP27A1', 'ACOX2', 'ABAT', 'QDPR']","[['TAS'], ['TAS'], ['IDA'], ['TAS'], ['TAS'], ['TAS'], ['IDA', 'IBA', 'TAS'], ['IBA'], ['TAS'], ['IBA'], ['IDA', 'ISS', 'IBA', 'TAS', 'NAS'], ['TAS'], ['IDA'], ['ISS', 'IBA'], ['IMP'], ['IDA'], ['TAS'], ['IBA'], ['IDA'], ['TAS'], ['TAS'], ['IBA'], ['IBA', 'TAS'], ['TAS'], ['IDA'], ['TAS'], ['IBA'], ['IBA', 'TAS'], ['IDA', 'TAS'], ['TAS'], ['IBA'], ['IDA', 'IBA'], ['TAS'], ['TAS'], ['IBA', 'TAS'], ['IBA', 'TAS'], ['IDA', 'IBA', 'TAS'], ['IBA', 'TAS'], ['TAS'], ['IBA', 'TAS'], ['TAS'], ['IBA'], ['IDA', 'IBA'], ['IDA'], ['TAS'], ['IDA'], ['IBA', 'TAS'], ['TAS'], ['IDA'], ['IDA', 'IBA'], ['TAS'], ['IBA'], ['IBA', 'TAS'], ['IBA', 'TAS'], ['IBA'], ['TAS'], ['ISS', 'IBA', 'TAS', 'NAS'], ['IBA', 'TAS'], ['TAS'], ['IDA', 'TAS'], ['IBA', 'TAS'], ['IDA', 'IBA'], ['IBA'], ['TAS'], ['IMP', 'IBA', 'TAS'], ['TAS'], ['IDA', 'TAS', 'NAS'], ['IDA', 'IMP', 'TAS'], ['TAS'], ['IDA', 'IBA'], ['IDA'], ['TAS'], ['TAS'], ['IMP'], ['IDA', 'IBA'], ['IBA'], ['TAS'], ['IDA', 'IBA', 'TAS'], ['IMP'], ['ISS', 'TAS'], ['IBA', 'TAS'], ['TAS'], ['IDA'], ['IBA', 'TAS'], ['IBA', 'TAS'], ['TAS'], ['TAS', 'NAS'], ['IDA', 'IBA', 'TAS'], ['TAS'], ['IDA', 'IBA'], ['TAS'], ['TAS'], ['TAS'], ['IDA', 'IMP', 'IBA', 'TAS'], ['ISS', 'IBA', 'TAS'], ['TAS'], ['IDA', 'IMP', 'IBA', 'TAS'], ['TAS'], ['IDA'], ['IDA', 'TAS'], ['TAS'], ['IC'], ['IDA', 'IBA'], ['TAS'], ['TAS'], ['TAS'], ['TAS'], ['IC'], ['TAS'], ['IDA', 'IMP', 'TAS'], ['IDA'], ['IMP', 'IBA'], ['IDA', 'ISS', 'IBA'], ['IMP'], ['IDA', 'TAS'], ['IDA', 'IBA', 'TAS'], ['TAS'], ['TAS'], ['IDA', 'TAS'], ['TAS'], ['TAS'], ['IDA'], ['IMP'], ['TAS'], ['IMP'], ['IBA'], ['IBA', 'TAS'], ['IDA', 'IBA', 'TAS', 'IC'], ['IDA'], ['IDA'], ['TAS'], ['TAS'], ['TAS'], ['IDA', 'IBA', 'TAS'], ['IGI', 'IBA'], ['IMP', 'IBA', 'TAS'], ['IBA'], ['TAS'], ['IBA', 'TAS'], ['TAS'], ['IDA', 'ISS', 'TAS'], ['IDA', 'ISS', 'IBA'], ['IDA'], ['TAS'], ['IDA', 'IBA', 'TAS'], ['TAS', 'IC'], ['TAS'], ['ISS', 'TAS', 'NAS'], ['IBA', 'TAS', 'NAS'], ['IDA', 'IBA', 'TAS'], ['IBA'], ['IDA', 'TAS'], ['IMP', 'TAS'], ['IBA', 'TAS'], ['IMP', 'IBA', 'TAS'], ['IDA', 'TAS'], ['IDA'], ['IDA', 'IMP', 'IBA', 'TAS'], ['IBA', 'TAS'], ['IBA']]"
GO:BP,GO:0007093,Altered stress response,mitotic cell cycle checkpoint signaling,0.000522997,TRUE,"""A signaling process that ensures accurate chromosome replication and segregation by preventing progression through a mitotic cell cycle until conditions are suitable for the cell to proceed to the next stage."" [GOC:mtg_cell_cycle]",122,257,17,12415,0.06614786,0.139344262,query_1,"['GO:0000075', 'GO:0045930', 'GO:1903047']","['ZWINT', 'TRIP13', 'CHEK1', 'DYNC1LI1', 'CENPF', 'TP53', 'CDK1', 'TOPBP1', 'FANCD2', 'MAD2L1', 'BLM', 'PCNA', 'CARM1', 'AURKB', 'PLK1', 'MDC1', 'CCNB1']","[['IDA'], ['IMP'], ['IMP'], ['IMP'], ['NAS'], ['IMP', 'TAS'], ['IBA', 'TAS'], ['IBA'], ['IBA'], ['IDA', 'IMP', 'IBA', 'TAS'], ['IDA'], ['TAS'], ['TAS'], ['ISS'], ['IMP'], ['TAS'], ['IMP', 'TAS']]"
GO:BP,GO:0007059,Selective growth and proliferative advantage,chromosome segregation,0.000543787,TRUE,"""The process in which genetic material, in the form of chromosomes, is organized into specific structures and then physically separated and apportioned to two or more sets. In eukaryotes, chromosome segregation begins with the condensation of chromosomes, includes chromosome separation, and ends when chromosomes have completed movement to the spindle poles."" [GOC:jl, GOC:mah, GOC:mtg_cell_cycle, GOC:vw]",231,109,16,12415,0.146788991,0.069264069,query_1,['GO:0009987'],"['ZWINT', 'PRC1', 'NCAPG2', 'KIF2C', 'TRIP13', 'NCAPD3', 'INCENP', 'DYNC1LI1', 'KIFC1', 'CENPF', 'SMC2', 'CDK1', 'DLGAP5', 'NCAPG', 'FANCD2', 'MAD2L1']","[['IDA', 'IBA'], ['IBA', 'TAS'], ['IBA', 'TAS'], ['IMP'], ['IMP', 'ISS'], ['IDA', 'IMP', 'IBA', 'TAS'], ['IMP', 'IBA'], ['IMP'], ['IMP', 'NAS'], ['IDA', 'IMP', 'IBA', 'NAS'], ['IDA', 'TAS'], ['TAS'], ['IBA', 'NAS'], ['IDA', 'IBA', 'NAS'], ['IMP', 'IBA'], ['IDA', 'IMP', 'IBA', 'TAS']]"
GO:BP,GO:0044772,Altered stress response,mitotic cell cycle phase transition,0.000628119,TRUE,"""The cell cycle process by which a cell commits to entering the next mitotic cell cycle phase."" [GOC:mtg_cell_cycle]",418,281,35,12415,0.12455516,0.083732057,query_1,"['GO:0044770', 'GO:1903047']","['ZWINT', 'CDKN2A', 'TRIP13', 'TYMS', 'TPX2', 'CHEK1', 'ANXA1', 'DYNC1LI1', 'CENPF', 'PPP2R2A', 'TP53', 'FBXL17', 'CDK1', 'DLGAP5', 'TOPBP1', 'MAD2L1', 'CUL2', 'ZFP36L2', 'CCNA2', 'BLM', 'PCNA', 'CARM1', 'TFAP4', 'AURKB', 'UBE2C', 'YWHAG', 'PPME1', 'ENSA', 'PLK1', 'PSMD10', 'HMMR', 'GSPT1', 'CCNB1', 'RRM2', 'CUL4A']","[['IDA'], ['IDA', 'IMP', 'ISO', 'TAS'], ['IMP'], ['TAS'], ['TAS'], ['IMP'], ['IBA'], ['IMP'], ['IMP', 'IBA', 'NAS'], ['TAS'], ['IMP', 'TAS'], ['IBA'], ['IMP', 'IBA', 'TAS'], ['NAS'], ['IBA'], ['IDA', 'IMP', 'IBA', 'TAS'], ['TAS'], ['ISS'], ['IDA', 'IBA'], ['IDA'], ['TAS'], ['TAS'], ['IDA'], ['ISS'], ['IMP', 'IBA', 'TAS'], ['TAS'], ['TAS'], ['ISS'], ['IDA', 'IMP', 'TAS'], ['TAS'], ['TAS'], ['TAS'], ['IDA', 'IMP', 'IBA', 'TAS'], ['TAS'], ['TAS']]"
GO:BP,GO:0006259,Metabolic rewiring,DNA metabolic process,0.00090506,TRUE,"""Any cellular metabolic process involving deoxyribonucleic acid. This is one of the two main types of nucleic acid, consisting of a long, unbranched macromolecule formed from one, or more commonly, two, strands of linked deoxyribonucleotides."" [ISBN:0198506732]",639,551,72,12415,0.130671506,0.112676056,query_1,"['GO:0044260', 'GO:0090304']","['UBE2T', 'DHX36', 'CDKN2A', 'TRIP13', 'TYMS', 'USP7', 'CHEK1', 'HSF1', 'TP53', 'TDRKH', 'WDR70', 'CDK1', 'TOPBP1', 'WDHD1', 'GINS2', 'UHRF1', 'FANCD2', 'UBQLN4', 'UNG', 'GATAD2A', 'BLM', 'PCNA', 'BEND3', 'NVL', 'AURKB', 'MCM5', 'VCP', 'FBXO4', 'OTUD4', 'TFRC', 'POLR2H', 'NSD2', 'CHTF18', 'OTUB1', 'MDC1', 'PARG', 'USP10', 'RECQL5', 'FANCI', 'MPG', 'CUL4A', 'TOP2A', 'GINS3', 'ARID2', 'APOBEC3B', 'PMS2', 'RFC5', 'TDG', 'POLI', 'WRN', 'SMARCAD1', 'YLPM1', 'PRKDC', 'RFC1', 'PRIM1', 'HMGB3', 'MCM2', 'DCTPP1', 'GINS1', 'MGME1', 'GTF2H1', 'SIRT1', 'MCM4', 'RAD23B', 'PRMT6', 'GINS4', 'RFC4', 'POLA2', 'COPS7B', 'MCM3', 'MSH6', 'DICER1']","[['IMP', 'TAS'], ['IMP'], ['IMP', 'ISO'], ['ISS', 'IBA'], ['IC'], ['IDA', 'IMP', 'TAS'], ['IDA', 'IMP'], ['IMP'], ['IDA', 'IMP'], ['ISS'], ['IBA'], ['TAS'], ['IBA', 'TAS', 'NAS'], ['IBA'], ['IBA', 'TAS'], ['IMP', 'IBA'], ['IBA', 'TAS'], ['IDA'], ['IDA', 'ISO', 'IBA', 'TAS'], ['TAS'], ['IDA', 'IMP', 'IBA', 'TAS', 'NAS'], ['IDA', 'IMP', 'ISS', 'IBA', 'TAS'], ['IMP'], ['IMP', 'IBA'], ['IMP'], ['IBA', 'TAS'], ['IDA', 'IMP', 'ISS', 'TAS', 'NAS'], ['IMP', 'ISO', 'IC'], ['IDA'], ['IDA'], ['TAS'], ['TAS'], ['IDA', 'TAS'], ['IMP', 'IBA'], ['TAS'], ['IBA', 'TAS'], ['TAS'], ['IMP', 'IBA', 'TAS', 'NAS'], ['TAS'], ['IBA', 'TAS'], ['TAS'], ['IDA', 'IMP', 'IBA'], ['IBA', 'TAS'], ['IMP'], ['IBA'], ['IDA', 'IMP', 'IBA', 'TAS'], ['IDA', 'IBA', 'TAS', 'NAS'], ['IDA', 'IMP', 'ISS', 'IBA', 'TAS'], ['IBA', 'TAS'], ['IDA', 'IMP', 'IGI', 'IBA', 'TAS'], ['IMP', 'IEP'], ['IBA'], ['IDA', 'IMP', 'IBA', 'TAS'], ['TAS'], ['IDA', 'IBA', 'TAS'], ['ISS'], ['IMP', 'IBA', 'TAS'], ['IMP', 'IBA'], ['IBA', 'TAS'], ['TAS'], ['IBA', 'TAS'], ['IMP', 'ISS'], ['IBA', 'TAS'], ['IDA', 'TAS'], ['TAS'], ['IBA', 'TAS'], ['IDA', 'IBA', 'TAS'], ['IDA', 'IBA', 'TAS'], ['TAS'], ['IBA', 'TAS'], ['IDA', 'IMP', 'IGI', 'ISS', 'IBA', 'TAS'], ['IBA']]"
GO:BP,GO:0044770,Altered stress response,cell cycle phase transition,0.002136659,TRUE,"""The cell cycle process by which a cell commits to entering the next cell cycle phase."" [GOC:mtg_cell_cycle]",473,257,35,12415,0.13618677,0.073995772,query_1,['GO:0022402'],"['ZWINT', 'CDKN2A', 'TRIP13', 'TYMS', 'TPX2', 'CHEK1', 'ANXA1', 'DYNC1LI1', 'CENPF', 'PPP2R2A', 'TP53', 'FBXL17', 'CDK1', 'DLGAP5', 'TOPBP1', 'FANCD2', 'MAD2L1', 'CUL2', 'ZFP36L2', 'CCNA2', 'BLM', 'PCNA', 'CARM1', 'TFAP4', 'AURKB', 'UBE2C', 'YWHAG', 'PPME1', 'ENSA', 'PLK1', 'PSMD10', 'MDC1', 'HMMR', 'GSPT1', 'CCNB1']","[['IDA'], ['IDA', 'IMP', 'ISO', 'TAS'], ['IMP', 'IBA'], ['TAS'], ['TAS'], ['IDA', 'IMP'], ['IBA'], ['IMP'], ['IMP', 'IBA', 'NAS'], ['TAS'], ['IMP', 'TAS'], ['IBA'], ['IMP', 'IBA', 'TAS'], ['NAS'], ['IBA'], ['IBA'], ['IDA', 'IMP', 'IBA', 'TAS'], ['TAS'], ['ISS'], ['IDA', 'IBA'], ['IDA'], ['TAS'], ['TAS'], ['IDA'], ['ISS'], ['IMP', 'IBA', 'TAS'], ['TAS'], ['TAS'], ['ISS'], ['IDA', 'IMP', 'TAS'], ['TAS'], ['TAS'], ['TAS'], ['TAS'], ['IDA', 'IMP', 'IBA', 'TAS']]"
GO:BP,GO:0022616,Selective growth and proliferative advantage,DNA strand elongation,0.002982973,TRUE,"""The DNA metabolic process in which an existing DNA strand is extended by activities including the addition of nucleotides to the 3' end of the strand."" [GOC:isa_complete, GOC:mah]",23,1836,16,12415,0.008714597,0.695652174,query_1,['GO:0006259'],"['GINS2', 'PCNA', 'GINS3', 'GINS1', 'MCM4', 'GINS4', 'RFC4', 'MCM3', 'POLD3', 'RFC3', 'POLD2', 'LIG3', 'MCM7', 'LIG1', 'MRE11', 'NUCKS1']","[['TAS'], ['IBA'], ['TAS'], ['IBA', 'TAS'], ['IBA'], ['TAS'], ['TAS'], ['IBA'], ['IBA'], ['TAS'], ['IBA'], ['IBA'], ['IBA'], ['IBA'], ['IMP'], ['IMP']]"
GO:BP,GO:0051255,Selective growth and proliferative advantage,spindle midzone assembly,0.004514355,TRUE,"""The cell cycle process in which aggregation, arrangement and bonding together of a set of components to form the spindle midzone. The spindle midzone is the area in the center of the spindle where the spindle microtubules from opposite poles overlap."" [GOC:ai, PMID:15296749]",8,349,6,12415,0.017191977,0.75,query_1,"['GO:0007017', 'GO:0022402', 'GO:0022607', 'GO:0051225']","['PRC1', 'INCENP', 'AURKB', 'KIF23', 'RACGAP1', 'KIF4A']","[['IBA'], ['IBA'], ['IMP', 'TAS'], ['IMP', 'IBA'], ['IDA'], ['IMP']]"
GO:BP,GO:0016054,Metabolic rewiring,organic acid catabolic process,0.006565041,TRUE,"""The chemical reactions and pathways resulting in the breakdown of organic acids, any acidic compound containing carbon in covalent linkage."" [ISBN:0198506732]",211,3659,106,12415,0.028969664,0.502369668,query_1,"['GO:0006082', 'GO:0044248', 'GO:0044282', 'GO:1901575']","['ACAD10', 'MECR', 'SDS', 'ARG2', 'EHHADH', 'LPIN1', 'LONP2', 'RIDA', 'LPIN2', 'PON3', 'MMAA', 'CARNMT1', 'SHMT2', 'GSTZ1', 'CTH', 'SLC27A4', 'HGD', 'CROT', 'HADHB', 'IDO1', 'ACOT8', 'XYLB', 'GNPDA2', 'SHMT1', 'DDAH2', 'ACSF3', 'PECR', 'ATP2B4', 'IL4I1', 'GCSH', 'PRODH', 'IDNK', 'ACBD5', 'ECI1', 'BCAT1', 'KYNU', 'CPT1A', 'GOT1', 'IRS2', 'LPIN3', 'NUDT19', 'HSD17B4', 'AKT1', 'ECI2', 'ACAA2', 'FAH', 'ACOX3', 'PHYKPL', 'AASS', 'GLDC', 'QPRT', 'ADO', 'ALDH1L1', 'MCAT', 'ACADM', 'ACADL', 'SORD', 'HNMT', 'DDAH1', 'GLUD1', 'ACAD8', 'MPST', 'NPL', 'HYKK', 'ALDH3A2', 'ALDH5A1', 'LDHD', 'IRS1', 'HSD17B10', 'HACL1', 'DLST', 'DLD', 'CRAT', 'ALDH7A1', 'ETFB', 'AKT2', 'ETFDH', 'OAT', 'MCCC2', 'ACADS', 'ILVBL', 'BDH2', 'TST', 'ECHS1', 'ABCD3', 'ALDH6A1', 'DBT', 'CRYM', 'IVD', 'ASRGL1', 'CRYL1', 'HIBADH', 'PCCA', 'MUT', 'MCCC1', 'HMGCL', 'PHYH', 'HMGCLL1', 'DECR1', 'ACADSB', 'HIBCH', 'ACAT1', 'HADH', 'ACOX2', 'ABAT', 'QDPR']","[['TAS'], ['TAS'], ['IDA', 'IBA', 'TAS'], ['IBA'], ['IDA', 'ISS', 'IBA', 'TAS', 'NAS'], ['ISS', 'IBA'], ['IMP'], ['TAS'], ['IBA'], ['IDA'], ['TAS'], ['TAS'], ['IBA'], ['IBA', 'TAS'], ['TAS'], ['IBA'], ['IBA', 'TAS'], ['IDA', 'TAS'], ['IBA', 'TAS'], ['IBA', 'TAS'], ['IDA', 'IBA', 'TAS'], ['TAS'], ['IBA'], ['IDA', 'IBA'], ['TAS'], ['IDA'], ['TAS'], ['IDA'], ['IDA', 'IBA'], ['IBA', 'TAS'], ['IBA', 'TAS'], ['IBA'], ['TAS'], ['ISS', 'IBA', 'TAS', 'NAS'], ['TAS'], ['IMP', 'IBA', 'TAS'], ['TAS'], ['IDA'], ['IMP'], ['IBA'], ['TAS'], ['IDA', 'IBA', 'TAS'], ['IMP'], ['ISS', 'TAS'], ['IBA', 'TAS'], ['IBA', 'TAS'], ['IBA', 'TAS'], ['TAS'], ['TAS', 'NAS'], ['IDA', 'IBA', 'TAS'], ['IDA', 'IBA'], ['TAS'], ['TAS'], ['TAS'], ['IDA', 'IMP', 'IBA', 'TAS'], ['ISS', 'IBA', 'TAS'], ['TAS'], ['TAS'], ['IDA', 'TAS'], ['IDA', 'IBA'], ['TAS'], ['TAS'], ['TAS'], ['TAS'], ['TAS'], ['IDA', 'IMP', 'TAS'], ['IMP', 'IBA'], ['IMP'], ['IDA', 'TAS'], ['IDA', 'IBA', 'TAS'], ['TAS'], ['TAS'], ['IDA', 'TAS'], ['TAS'], ['IDA'], ['IMP'], ['IMP'], ['IBA'], ['IBA', 'TAS'], ['IDA', 'IBA', 'TAS', 'IC'], ['IDA'], ['IDA'], ['TAS'], ['IDA', 'IBA', 'TAS'], ['IGI', 'IBA'], ['IMP', 'IBA', 'TAS'], ['TAS'], ['TAS'], ['IDA', 'ISS', 'TAS'], ['IDA', 'ISS', 'IBA'], ['TAS'], ['IDA', 'IBA', 'TAS'], ['TAS', 'IC'], ['TAS'], ['ISS', 'TAS', 'NAS'], ['IBA', 'TAS', 'NAS'], ['IDA', 'IBA', 'TAS'], ['IBA'], ['IDA', 'TAS'], ['IMP', 'TAS'], ['IBA', 'TAS'], ['IMP', 'IBA', 'TAS'], ['IDA', 'TAS'], ['IDA', 'IMP', 'IBA', 'TAS'], ['IBA', 'TAS'], ['IBA']]"
GO:BP,GO:0000075,Altered stress response,cell cycle checkpoint signaling,0.008178743,TRUE,"""A signaling process that controls cell cycle progression by monitoring the integrity of specific cell cycle events. A cell cycle checkpoint begins with detection of deficiencies or defects and ends with signal transduction."" [GOC:mtg_cell_cycle]",146,257,17,12415,0.06614786,0.116438356,query_1,"['GO:0035556', 'GO:1901988']","['ZWINT', 'TRIP13', 'CHEK1', 'DYNC1LI1', 'CENPF', 'TP53', 'CDK1', 'TOPBP1', 'FANCD2', 'MAD2L1', 'BLM', 'PCNA', 'CARM1', 'AURKB', 'PLK1', 'MDC1', 'CCNB1']","[['IDA'], ['IMP', 'IBA'], ['IDA', 'IMP'], ['IMP'], ['NAS'], ['IMP', 'TAS'], ['IBA', 'TAS'], ['IBA'], ['IBA'], ['IDA', 'IMP', 'IBA', 'TAS'], ['IDA'], ['TAS'], ['TAS'], ['ISS'], ['IMP'], ['TAS'], ['IMP', 'TAS']]"
GO:BP,GO:0006281,Altered stress response,DNA repair,0.008526453,TRUE,"""The process of restoring DNA after damage. Genomes are subject to damage by chemical and physical agents in the environment (e.g. UV and ionizing radiations, chemical mutagens, fungal and bacterial toxins, etc.) and by free radicals or alkylating agents endogenously generated in metabolism. DNA is also damaged because of errors during its replication. A variety of different DNA repair pathways have been reported that include direct reversal, base excision repair, nucleotide excision repair, photoreactivation, bypass, double-strand break repair pathway, and mismatch repair pathway."" [PMID:11563486]",399,611,53,12415,0.086743044,0.13283208,query_1,"['GO:0006259', 'GO:0006974']","['UBE2T', 'TRIP13', 'USP7', 'CHEK1', 'HSF1', 'TP53', 'WDR70', 'CDK1', 'TOPBP1', 'WDHD1', 'GINS2', 'FANCD2', 'UBQLN4', 'UNG', 'BLM', 'PCNA', 'MCM5', 'VCP', 'POLR2H', 'NSD2', 'OTUB1', 'MDC1', 'PARG', 'USP10', 'RECQL5', 'FANCI', 'MPG', 'CUL4A', 'ARID2', 'PMS2', 'RFC5', 'TDG', 'POLI', 'WRN', 'SMARCAD1', 'PRKDC', 'RFC1', 'MCM2', 'MGME1', 'GTF2H1', 'SIRT1', 'MCM4', 'RAD23B', 'PRMT6', 'GINS4', 'RFC4', 'COPS7B', 'MCM3', 'MSH6', 'POLD3', 'EP300', 'RIF1', 'HMGA2']","[['IMP', 'TAS'], ['ISS'], ['IMP', 'TAS'], ['IDA', 'IMP'], ['IMP'], ['IMP'], ['IBA'], ['TAS'], ['NAS'], ['IBA'], ['IBA'], ['IBA', 'TAS'], ['IDA'], ['IDA', 'ISO', 'IBA', 'TAS'], ['IDA', 'IBA', 'NAS'], ['IDA', 'IMP', 'IBA', 'TAS'], ['IBA'], ['IDA', 'IMP', 'ISS', 'TAS', 'NAS'], ['TAS'], ['TAS'], ['IMP', 'IBA'], ['TAS'], ['IBA', 'TAS'], ['TAS'], ['IMP', 'IBA', 'TAS'], ['TAS'], ['IBA', 'TAS'], ['TAS'], ['IMP'], ['IDA', 'IMP', 'IBA', 'TAS'], ['IBA', 'TAS', 'NAS'], ['IDA', 'IMP', 'IBA', 'TAS'], ['IBA', 'TAS'], ['IDA', 'IMP', 'IBA'], ['IMP'], ['IDA', 'IMP', 'IBA', 'TAS'], ['TAS'], ['IBA'], ['TAS'], ['IBA', 'TAS'], ['IMP', 'ISS'], ['IBA'], ['IDA', 'TAS'], ['TAS'], ['IBA'], ['IBA', 'TAS'], ['TAS'], ['IBA'], ['IDA', 'IMP', 'IGI', 'ISS', 'IBA', 'TAS'], ['IMP', 'IBA', 'TAS', 'NAS'], ['TAS'], ['IDA', 'TAS'], ['IDA']]"
GO:BP,GO:0006974,Altered stress response,cellular response to DNA damage stimulus,0.008675581,TRUE,"""Any process that results in a change in state or activity of a cell (in terms of movement, secretion, enzyme production, gene expression, etc.) as a result of a stimulus indicating damage to its DNA from environmental insults or errors during metabolism."" [GOC:go_curators]",628,598,71,12415,0.118729097,0.113057325,query_1,['GO:0033554'],"['UBE2T', 'CDKN2A', 'TRIP13', 'USP7', 'CHEK1', 'USP16', 'GNL1', 'HSF1', 'TP53', 'WDR70', 'CDK1', 'TOPBP1', 'WDHD1', 'GINS2', 'FANCD2', 'UBQLN4', 'UBA6', 'UNG', 'BLM', 'PCNA', 'CARM1', 'TFAP4', 'MCM5', 'VCP', 'PSMD10', 'POLR2H', 'NSD2', 'OTUB1', 'MDC1', 'PARG', 'CCNB1', 'USP10', 'RECQL5', 'FANCI', 'MPG', 'CUL4A', 'TOP2A', 'SMYD2', 'ARID2', 'FXR1', 'PMS2', 'RFC5', 'TDG', 'POLI', 'WRN', 'SMARCAD1', 'PRKDC', 'RFC1', 'MCM2', 'CNOT7', 'WAC', 'FXR2', 'MGME1', 'GTF2H1', 'SIRT1', 'MCM4', 'RAD23B', 'PRMT6', 'GINS4', 'RFC4', 'COPS7B', 'PAK1', 'MCM3', 'MSH6', 'GTSE1', 'POLD3', 'TIPRL', 'ATRX', 'BRD4', 'EP300', 'RIF1']","[['IMP', 'IBA', 'TAS'], ['IDA', 'ISO'], ['ISS'], ['IMP', 'TAS'], ['IDA', 'IMP', 'ISS'], ['IDA'], ['IDA'], ['IMP'], ['IDA', 'IMP', 'TAS'], ['IBA'], ['IBA', 'TAS'], ['IDA', 'IBA', 'NAS'], ['IBA'], ['IBA'], ['IMP', 'IBA', 'TAS'], ['IDA'], ['IBA'], ['IDA', 'ISO', 'IBA', 'TAS'], ['IDA', 'IMP', 'IBA', 'NAS'], ['IDA', 'IMP', 'IBA', 'TAS'], ['TAS'], ['IDA'], ['IBA'], ['IDA', 'IMP', 'ISS', 'TAS', 'NAS'], ['IDA'], ['TAS'], ['TAS'], ['IDA', 'IMP', 'IBA'], ['TAS'], ['IBA', 'TAS'], ['TAS'], ['IMP', 'IBA', 'TAS'], ['IMP', 'IBA', 'TAS'], ['TAS'], ['IBA', 'TAS'], ['IBA', 'TAS'], ['IDA'], ['IMP'], ['IMP'], ['IBA'], ['IDA', 'IMP', 'IBA', 'TAS'], ['IBA', 'TAS', 'NAS'], ['IDA', 'IMP', 'IBA', 'TAS'], ['IBA', 'TAS'], ['IDA', 'IMP', 'IBA'], ['IMP'], ['IDA', 'IMP', 'IBA', 'TAS'], ['TAS'], ['IBA'], ['TAS'], ['IMP'], ['IBA'], ['TAS'], ['IBA', 'TAS'], ['IDA', 'IMP', 'ISS'], ['IBA'], ['IDA', 'TAS'], ['TAS'], ['IBA'], ['IBA', 'TAS'], ['TAS'], ['IDA'], ['IBA'], ['IDA', 'IMP', 'IGI', 'ISS', 'IBA', 'TAS'], ['NAS'], ['IMP', 'IBA', 'TAS', 'NAS'], ['IMP'], ['ISS'], ['IMP', 'ISO'], ['IDA', 'TAS'], ['IDA', 'TAS']]"
GO:BP,GO:0046395,Metabolic rewiring,carboxylic acid catabolic process,0.022613466,TRUE,"""The chemical reactions and pathways resulting in the breakdown of carboxylic acids, any organic acid containing one or more carboxyl (-COOH) groups."" [ISBN:0198506732]",196,3659,98,12415,0.026783274,0.5,query_1,"['GO:0016054', 'GO:0019752']","['ACAD10', 'MECR', 'SDS', 'ARG2', 'EHHADH', 'LPIN1', 'LONP2', 'RIDA', 'LPIN2', 'PON3', 'MMAA', 'CARNMT1', 'SHMT2', 'GSTZ1', 'SLC27A4', 'HGD', 'CROT', 'HADHB', 'IDO1', 'ACOT8', 'XYLB', 'GNPDA2', 'SHMT1', 'DDAH2', 'ACSF3', 'PECR', 'ATP2B4', 'IL4I1', 'GCSH', 'PRODH', 'IDNK', 'ACBD5', 'ECI1', 'KYNU', 'CPT1A', 'GOT1', 'IRS2', 'LPIN3', 'NUDT19', 'HSD17B4', 'AKT1', 'ECI2', 'ACAA2', 'FAH', 'ACOX3', 'PHYKPL', 'AASS', 'GLDC', 'QPRT', 'ALDH1L1', 'MCAT', 'ACADM', 'ACADL', 'SORD', 'HNMT', 'DDAH1', 'GLUD1', 'NPL', 'HYKK', 'ALDH3A2', 'ALDH5A1', 'LDHD', 'IRS1', 'HSD17B10', 'HACL1', 'DLST', 'DLD', 'CRAT', 'ALDH7A1', 'ETFB', 'AKT2', 'ETFDH', 'OAT', 'MCCC2', 'ACADS', 'ILVBL', 'BDH2', 'ECHS1', 'ABCD3', 'ALDH6A1', 'CRYM', 'IVD', 'ASRGL1', 'CRYL1', 'HIBADH', 'PCCA', 'MUT', 'MCCC1', 'HMGCL', 'PHYH', 'HMGCLL1', 'DECR1', 'HIBCH', 'ACAT1', 'HADH', 'ACOX2', 'ABAT', 'QDPR']","[['TAS'], ['TAS'], ['IDA', 'IBA', 'TAS'], ['IBA'], ['IDA', 'ISS', 'IBA', 'TAS', 'NAS'], ['ISS', 'IBA'], ['IMP'], ['TAS'], ['IBA'], ['IDA'], ['TAS'], ['TAS'], ['IBA'], ['IBA', 'TAS'], ['IBA'], ['IBA', 'TAS'], ['IDA', 'TAS'], ['IBA', 'TAS'], ['IBA', 'TAS'], ['IDA', 'IBA', 'TAS'], ['TAS'], ['IBA'], ['IDA', 'IBA'], ['TAS'], ['IDA'], ['TAS'], ['IDA'], ['IDA', 'IBA'], ['IBA', 'TAS'], ['IBA', 'TAS'], ['IBA'], ['TAS'], ['ISS', 'IBA', 'TAS', 'NAS'], ['IMP', 'IBA', 'TAS'], ['TAS'], ['IDA'], ['IMP'], ['IBA'], ['TAS'], ['IDA', 'IBA', 'TAS'], ['IMP'], ['ISS', 'TAS'], ['IBA', 'TAS'], ['IBA'], ['IBA', 'TAS'], ['TAS'], ['TAS', 'NAS'], ['IDA', 'IBA', 'TAS'], ['IDA', 'IBA'], ['TAS'], ['TAS'], ['IDA', 'IMP', 'IBA', 'TAS'], ['ISS', 'IBA', 'TAS'], ['TAS'], ['TAS'], ['IDA', 'TAS'], ['IDA', 'IBA'], ['TAS'], ['TAS'], ['TAS'], ['IDA', 'IMP', 'TAS'], ['IMP', 'IBA'], ['IMP'], ['IDA'], ['IDA', 'IBA', 'TAS'], ['TAS'], ['TAS'], ['IDA', 'TAS'], ['TAS'], ['IDA'], ['IMP'], ['IMP'], ['IBA'], ['IBA', 'TAS'], ['IDA', 'IBA', 'TAS', 'IC'], ['IDA'], ['IDA'], ['IDA', 'IBA', 'TAS'], ['IGI', 'IBA'], ['IMP', 'IBA'], ['TAS'], ['IDA', 'ISS'], ['IDA', 'ISS', 'IBA'], ['TAS'], ['IDA', 'IBA'], ['TAS', 'IC'], ['TAS'], ['ISS', 'NAS'], ['IBA', 'TAS', 'NAS'], ['IDA', 'IBA', 'TAS'], ['IBA'], ['IDA', 'TAS'], ['IBA'], ['IBA'], ['IDA', 'TAS'], ['IDA', 'IMP', 'IBA', 'TAS'], ['IBA', 'TAS'], ['IBA']]"
GO:BP,GO:0000226,Selective growth and proliferative advantage,microtubule cytoskeleton organization,0.023599498,TRUE,"""A process that is carried out at the cellular level which results in the assembly, arrangement of constituent parts, or disassembly of cytoskeletal structures comprising microtubules and their associated proteins."" [GOC:mah]",491,95,18,12415,0.189473684,0.036659878,query_1,"['GO:0007010', 'GO:0007017']","['ZWINT', 'PRC1', 'KIF2C', 'KIF11', 'TPX2', 'CHEK1', 'INCENP', 'DYNC1LI1', 'CLIP1', 'KIFC1', 'CENPF', 'ZWILCH', 'TACC1', 'CDK1', 'DLGAP5', 'ERCC6L', 'MAP7D1', 'EZR']","[['TAS'], ['IBA', 'TAS'], ['IDA', 'IMP', 'TAS'], ['IDA', 'IMP', 'IBA', 'TAS'], ['IDA', 'ISS', 'IBA'], ['IDA'], ['IBA', 'TAS'], ['IBA', 'TAS'], ['IMP', 'IBA', 'TAS'], ['IMP', 'IBA'], ['TAS'], ['TAS'], ['IBA'], ['TAS'], ['IBA'], ['TAS'], ['IBA'], ['IMP']]"
GO:BP,GO:0051983,Selective growth and proliferative advantage,regulation of chromosome segregation,0.031468422,TRUE,"""Any process that modulates the frequency, rate or extent of chromosome segregation, the process in which genetic material, in the form of chromosomes, is organized and then physically separated and apportioned to two or more sets."" [GOC:ai]",67,257,11,12415,0.042801556,0.164179104,query_1,"['GO:0007059', 'GO:0050794']","['ZWINT', 'KIF2C', 'TRIP13', 'DYNC1LI1', 'CENPF', 'DLGAP5', 'MAD2L1', 'AURKB', 'UBE2C', 'PLK1', 'CCNB1']","[['IDA'], ['IMP'], ['IMP'], ['IMP'], ['NAS'], ['NAS'], ['IDA', 'IMP', 'IBA', 'TAS'], ['IDA', 'TAS'], ['IBA'], ['IDA', 'IMP'], ['IMP']]"
GO:BP,GO:0033045,Selective growth and proliferative advantage,regulation of sister chromatid segregation,0.03438399,TRUE,"""Any process that modulates the frequency, rate or extent of sister chromatid segregation."" [GOC:mah]",55,257,10,12415,0.038910506,0.181818182,query_1,"['GO:0000819', 'GO:0010564', 'GO:0033044', 'GO:0051983']","['ZWINT', 'TRIP13', 'DYNC1LI1', 'CENPF', 'DLGAP5', 'MAD2L1', 'AURKB', 'UBE2C', 'PLK1', 'CCNB1']","[['IDA'], ['IMP'], ['IMP'], ['NAS'], ['NAS'], ['IDA', 'IMP', 'IBA', 'TAS'], ['IDA'], ['IBA'], ['IDA', 'IMP'], ['IMP']]"
GO:BP,GO:0030261,Selective growth and proliferative advantage,chromosome condensation,0.036664139,TRUE,"""The progressive compaction of dispersed interphase chromatin into threadlike chromosomes prior to mitotic or meiotic nuclear division, or during apoptosis, in eukaryotic cells."" [GOC:mah, ISBN:0815316194]",33,282,10,12415,0.035460993,0.303030303,query_1,['GO:0006323'],"['NCAPG2', 'NCAPD3', 'INCENP', 'SMC2', 'CDK1', 'NCAPG', 'SMC4', 'PLK1', 'CCNB1', 'TOP2A']","[['TAS'], ['IDA', 'IMP', 'IBA', 'TAS'], ['IBA'], ['IDA', 'TAS'], ['TAS'], ['IDA', 'IBA', 'NAS'], ['IDA', 'IBA', 'TAS'], ['TAS'], ['TAS'], ['IDA', 'IBA']]"
GO:BP,GO:0051256,Selective growth and proliferative advantage,mitotic spindle midzone assembly,0.044562868,TRUE,"""The cell cycle process in which the aggregation, arrangement and bonding together of a set of components forms the spindle midzone."" [GOC:mtg_cell_cycle, GOC:vw, PMID:24239120]",6,349,5,12415,0.014326648,0.833333333,query_1,"['GO:0000022', 'GO:0051255', 'GO:0090307', 'GO:1903047']","['PRC1', 'AURKB', 'KIF23', 'RACGAP1', 'KIF4A']","[['IBA'], ['IMP', 'TAS'], ['IMP', 'IBA'], ['IDA'], ['IMP']]"
