source,native,name,p_value,significant,description,term_size,query_size,intersection_size,effective_domain_size,precision,recall,query,parents,intersections,evidences
GO:BP,GO:0000278,mitotic cell cycle,2.188050473624845e-09,True,"""Progression through the phases of the mitotic cell cycle, the most common eukaryotic cell cycle, which canonically comprises four successive phases called G1, S, G2, and M and includes replication of the genome and the subsequent segregation of chromosomes into daughter cells. In some variant cell cycles nuclear replication or nuclear division may not be followed by cell division, or G1 and G2 phases may be absent."" [GOC:mah, ISBN:0815316194, Reactome:69278]",794,228,55,12487,0.2412280701754386,0.06926952141057935,query_1,['GO:0007049'],"['TRIP13', 'ZWINT', 'PBK', 'MAPRE1', 'KIF11', 'CHEK1', 'NCAPD3', 'TPX2', 'PSMD10', 'KIFC1', 'TYMS', 'PRC1', 'PPP2R2A', 'NDC80', 'HSF1', 'PCNA', 'KIF2C', 'NCAPG2', 'BLM', 'CUL2', 'TP53', 'ERCC6L', 'ZWILCH', 'EMD', 'TOPBP1', 'USP16', 'CHEK2', 'GSPT1', 'CENPF', 'FOXA1', 'FBXL17', 'CLIP1', 'INCENP', 'SMC2', 'CARM1', 'ZFP36L2', 'VCP', 'ENSA', 'NOLC1', 'DLGAP5', 'HMGA2', 'CSNK2A2', 'CCNA2', 'MDC1', 'MAD2L1', 'GINS3', 'CDK1', 'TUBB3', 'YWHAG', 'RECQL5', 'WDHD1', 'KIF23', 'CCNB1', 'EP300', 'AURKB']","[['IMP'], ['IDA', 'IBA', 'TAS'], ['NAS'], ['TAS'], ['IDA', 'IMP', 'IBA', 'TAS'], ['IDA', 'IMP'], ['IDA', 'IMP', 'IBA', 'TAS'], ['IDA', 'ISS', 'IBA', 'TAS'], ['TAS'], ['IMP', 'IBA', 'NAS'], ['TAS'], ['IBA', 'TAS'], ['TAS'], ['IMP', 'IBA', 'TAS'], ['IMP'], ['ISS', 'TAS'], ['IMP', 'TAS'], ['IBA', 'TAS'], ['IDA'], ['TAS'], ['IMP', 'TAS'], ['TAS'], ['TAS'], ['TAS'], ['IBA'], ['IDA'], ['IMP', 'IBA', 'TAS'], ['TAS'], ['IMP', 'IBA', 'TAS', 'NAS'], ['IMP'], ['IBA'], ['TAS'], ['IMP', 'IBA', 'TAS'], ['IDA', 'TAS'], ['TAS'], ['ISS'], ['IBA'], ['ISS'], ['TAS'], ['IBA', 'NAS'], ['IDA'], ['TAS'], ['IDA', 'IBA'], ['TAS'], ['IDA', 'IMP', 'IBA', 'TAS'], ['IBA'], ['IMP', 'IBA', 'TAS'], ['IBA'], ['TAS'], ['IMP'], ['IBA'], ['IMP', 'IBA', 'TAS'], ['IDA', 'IMP', 'IBA', 'TAS'], ['TAS'], ['IDA', 'IMP', 'ISS', 'IBA', 'TAS']]"
GO:BP,GO:1903047,mitotic cell cycle process,1.3421063273443707e-07,True,"""A process that is part of the mitotic cell cycle."" [GO_REF:0000060, GOC:mtg_cell_cycle, GOC:TermGenie]",704,789,109,12487,0.13814955640050697,0.15482954545454544,query_1,"['GO:0000278', 'GO:0022402']","['TRIP13', 'ZWINT', 'MAPRE1', 'KIF11', 'CHEK1', 'NCAPD3', 'TPX2', 'PSMD10', 'KIFC1', 'TYMS', 'PRC1', 'PPP2R2A', 'NDC80', 'PCNA', 'KIF2C', 'NCAPG2', 'BLM', 'CUL2', 'TP53', 'ERCC6L', 'ZWILCH', 'EMD', 'TOPBP1', 'CHEK2', 'GSPT1', 'CENPF', 'FBXL17', 'CLIP1', 'INCENP', 'SMC2', 'CARM1', 'ZFP36L2', 'VCP', 'ENSA', 'DLGAP5', 'HMGA2', 'CSNK2A2', 'CCNA2', 'MDC1', 'MAD2L1', 'GINS3', 'CDK1', 'YWHAG', 'KIF23', 'CCNB1', 'EP300', 'AURKB', 'APPL1', 'EIF4EBP1', 'RAB35', 'TFAP4', 'CTDP1', 'PLK1', 'LCMT1', 'ATRX', 'BCCIP', 'HMMR', 'UBE2C', 'CHMP1B', 'VRK1', 'USP8', 'ANLN', 'SPC25', 'NUMA1', 'CKAP2', 'MKI67', 'CUL4A', 'DSCC1', 'NUP155', 'CEP55', 'RACGAP1', 'OBSL1', 'FBXL6', 'AKAP8L', 'CDK13', 'PPME1', 'TFDP1', 'GINS1', 'MCM3', 'LATS1', 'RASA1', 'CDK2', 'EIF4G1', 'KIF20A', 'ANKLE2', 'GTSE1', 'BUB1B', 'DYNC1LI1', 'LEMD2', 'NUSAP1', 'MCM4', 'PSMF1', 'LPIN1', 'MCM6', 'CHMP7', 'ECT2', 'YWHAE', 'ANXA1', 'MCM2', 'RANBP2', 'NSFL1C', 'POGZ', 'BOD1', 'POLA1', 'RRM2', 'SETD2', 'LSM14A', 'RPS6KB1', 'ARID3A']","[['IMP'], ['IDA', 'IBA', 'TAS'], ['TAS'], ['IDA', 'IMP', 'IBA', 'TAS'], ['IDA', 'IMP'], ['IDA', 'IMP', 'IBA', 'TAS'], ['IDA', 'ISS', 'IBA', 'TAS'], ['TAS'], ['IMP', 'IBA', 'NAS'], ['TAS'], ['IBA', 'TAS'], ['TAS'], ['IMP', 'IBA', 'TAS'], ['ISS', 'TAS'], ['IMP', 'TAS'], ['IBA', 'TAS'], ['IDA'], ['TAS'], ['IMP', 'TAS'], ['TAS'], ['TAS'], ['TAS'], ['IBA'], ['IMP', 'IBA', 'TAS'], ['TAS'], ['IMP', 'IBA', 'TAS', 'NAS'], ['IBA'], ['TAS'], ['IMP', 'IBA', 'TAS'], ['IDA', 'TAS'], ['TAS'], ['ISS'], ['IBA'], ['ISS'], ['IBA', 'NAS'], ['IDA'], ['TAS'], ['IDA', 'IBA'], ['TAS'], ['IDA', 'IMP', 'IBA', 'TAS'], ['IBA'], ['IMP', 'IBA', 'TAS'], ['TAS'], ['IMP', 'IBA', 'TAS'], ['IDA', 'IMP', 'IBA', 'TAS'], ['TAS'], ['IDA', 'IMP', 'ISS', 'IBA', 'TAS'], ['IDA'], ['IMP'], ['IMP'], ['IDA'], ['IMP'], ['IDA', 'IMP', 'TAS'], ['IMP', 'TAS'], ['IMP'], ['IMP', 'ISO'], ['TAS'], ['IMP', 'IBA', 'TAS'], ['IMP'], ['TAS'], ['IMP'], ['IDA', 'IBA', 'TAS'], ['IMP', 'TAS'], ['IDA', 'IMP', 'ISS', 'IBA'], ['IGI'], ['IDA'], ['TAS'], ['IMP', 'IBA'], ['TAS'], ['IMP', 'IGI', 'IBA'], ['IDA', 'IMP'], ['IMP'], ['IBA'], ['IMP'], ['TAS'], ['TAS'], ['IDA', 'TAS'], ['IBA'], ['IBA'], ['IDA', 'IBA'], ['ISS'], ['IBA', 'TAS', 'NAS'], ['IMP'], ['IMP'], ['IMP', 'TAS'], ['NAS'], ['IBA', 'TAS'], ['IMP', 'TAS'], ['TAS'], ['IDA', 'IBA'], ['IBA'], ['TAS'], ['TAS'], ['IBA'], ['IMP', 'TAS'], ['IMP', 'IBA'], ['TAS'], ['IBA'], ['IBA'], ['TAS'], ['IGI'], ['IMP'], ['IMP'], ['IBA', 'TAS'], ['TAS'], ['IDA'], ['IMP'], ['IMP'], ['TAS']]"
GO:BP,GO:0022402,cell cycle process,1.2777077332057615e-06,True,"""The cellular process that ensures successive accurate and complete genome replication and chromosome segregation."" [GOC:isa_complete, GOC:mtg_cell_cycle]",972,792,140,12487,0.17676767676767677,0.1440329218106996,query_1,"['GO:0007049', 'GO:0009987']","['TRIP13', 'ZWINT', 'MAPRE1', 'KIF11', 'CHEK1', 'NCAPD3', 'TPX2', 'PSMD10', 'KIFC1', 'EZR', 'TYMS', 'PRC1', 'PPP2R2A', 'NDC80', 'PCNA', 'USP28', 'KIF2C', 'NCAPG2', 'TXLNG', 'BLM', 'CUL2', 'TP53', 'TDRKH', 'ERCC6L', 'ZWILCH', 'EMD', 'TOPBP1', 'CHEK2', 'GSPT1', 'CENPF', 'FBXL17', 'CLIP1', 'INCENP', 'SMC2', 'CARM1', 'ZFP36L2', 'VCP', 'RBBP8', 'ENSA', 'DLGAP5', 'FEN1', 'HMGA2', 'CSNK2A2', 'CCNA2', 'MDC1', 'MAD2L1', 'GINS3', 'CDK1', 'YWHAG', 'RECQL5', 'KIF23', 'CCNB1', 'EP300', 'AURKB', 'TIPRL', 'APPL1', 'EIF4EBP1', 'RAB35', 'LIMK2', 'TFAP4', 'RFC1', 'CTDP1', 'PLK1', 'WRN', 'SENP6', 'TOP2A', 'LCMT1', 'ATRX', 'BCCIP', 'HMMR', 'UBE2C', 'CHMP1B', 'VRK1', 'USP8', 'NCOR1', 'ANLN', 'SPC25', 'NUMA1', 'PRIM1', 'CKAP2', 'MKI67', 'CUL4A', 'DSCC1', 'NUP155', 'CEP55', 'CHORDC1', 'RACGAP1', 'OBSL1', 'FBXL6', 'POLA2', 'AKAP8L', 'HDAC8', 'CDK13', 'PPME1', 'TFDP1', 'NTMT1', 'GINS1', 'MCM3', 'MCM7', 'LATS1', 'SMARCAD1', 'RFC5', 'RASA1', 'CDK2', 'EIF4G1', 'KIF20A', 'ANKLE2', 'MCM5', 'GTSE1', 'BUB1B', 'DYNC1LI1', 'LEMD2', 'ALKBH4', 'FOXJ2', 'NUSAP1', 'AKAP8', 'PRKCE', 'MCM4', 'PSMF1', 'LPIN1', 'GIPC1', 'MCM6', 'CHMP7', 'ECT2', 'YWHAE', 'ANXA1', 'CHTF18', 'MCM2', 'RANBP2', 'NSFL1C', 'ERCC4', 'POGZ', 'BOD1', 'POLA1', 'RRM2', 'SETD2', 'LSM14A', 'RPS6KB1', 'ARID3A', 'MSH3']","[['IMP', 'ISS', 'IBA'], ['IDA', 'IBA', 'TAS'], ['IBA', 'TAS'], ['IDA', 'IMP', 'IBA', 'TAS'], ['IDA', 'IMP', 'TAS'], ['IDA', 'IMP', 'IBA', 'TAS'], ['IDA', 'ISS', 'IBA', 'TAS'], ['TAS'], ['IMP', 'IBA', 'NAS'], ['IMP'], ['TAS'], ['IDA', 'IBA', 'TAS'], ['TAS'], ['IDA', 'IMP', 'IBA', 'TAS'], ['ISS', 'TAS'], ['IMP', 'IBA'], ['IMP', 'TAS'], ['IBA', 'TAS'], ['IMP'], ['IDA', 'TAS'], ['TAS'], ['IMP', 'TAS'], ['ISS'], ['TAS'], ['TAS'], ['TAS'], ['IBA'], ['IMP', 'IBA', 'TAS'], ['TAS'], ['IDA', 'IMP', 'IBA', 'TAS', 'NAS'], ['IBA'], ['TAS'], ['IMP', 'IBA', 'TAS'], ['IDA', 'TAS'], ['TAS'], ['ISS'], ['IBA'], ['TAS'], ['ISS'], ['IBA', 'NAS'], ['IMP', 'TAS'], ['IDA'], ['IMP', 'IBA', 'TAS'], ['IDA', 'IBA'], ['TAS'], ['IDA', 'IMP', 'IBA', 'TAS'], ['IBA'], ['IMP', 'IBA', 'TAS'], ['TAS'], ['IMP'], ['IMP', 'IBA', 'TAS'], ['IDA', 'IMP', 'IBA', 'TAS'], ['TAS'], ['IDA', 'IMP', 'ISS', 'IBA', 'TAS'], ['IMP'], ['IDA'], ['IMP'], ['IMP'], ['IDA'], ['IDA'], ['TAS'], ['IMP'], ['IDA', 'IMP', 'IBA', 'TAS'], ['TAS'], ['IMP', 'IBA'], ['IBA'], ['IMP', 'TAS'], ['IMP', 'ISS'], ['IMP', 'ISO'], ['TAS'], ['IMP', 'IBA', 'TAS'], ['IMP'], ['TAS'], ['IMP'], ['IMP'], ['IDA', 'IBA', 'TAS'], ['IMP', 'TAS'], ['IDA', 'IMP', 'ISS', 'IBA'], ['TAS'], ['IGI'], ['IDA'], ['TAS'], ['IMP', 'IBA', 'TAS'], ['TAS'], ['IMP', 'IGI', 'IBA'], ['IBA'], ['IDA', 'IMP'], ['IMP'], ['IBA'], ['TAS'], ['IMP'], ['IMP'], ['TAS'], ['TAS'], ['IDA', 'TAS'], ['IMP'], ['IBA'], ['IBA'], ['IBA'], ['IDA', 'IBA'], ['IMP'], ['TAS'], ['ISS'], ['IMP', 'IBA', 'TAS', 'NAS'], ['IMP'], ['IDA', 'IMP'], ['IMP', 'TAS'], ['IBA'], ['TAS', 'NAS'], ['IBA', 'TAS'], ['IMP', 'TAS'], ['TAS'], ['IMP'], ['ISS'], ['IDA', 'IBA'], ['IMP'], ['IMP'], ['IBA'], ['TAS'], ['TAS'], ['IMP'], ['IBA'], ['IMP', 'TAS'], ['IDA', 'IMP', 'IBA'], ['TAS'], ['IBA'], ['TAS'], ['IBA'], ['TAS'], ['IGI'], ['IBA'], ['IMP'], ['IMP'], ['IBA', 'TAS'], ['TAS'], ['IDA'], ['IMP'], ['IMP'], ['TAS'], ['IBA']]"
GO:BP,GO:0007049,cell cycle,1.7452369093124533e-06,True,"""The progression of biochemical and morphological phases and events that occur in a cell during successive cell replication or nuclear replication events. Canonically, the cell cycle comprises the replication and segregation of genetic material followed by the division of the cell, but in endocycles or syncytial cells nuclear replication or nuclear division may not be followed by cell division."" [GOC:go_curators, GOC:mtg_cell_cycle]",1146,673,140,12487,0.20802377414561665,0.12216404886561955,query_1,['GO:0009987'],"['TRIP13', 'ZWINT', 'PBK', 'MAPRE1', 'KIF11', 'CHEK1', 'NCAPD3', 'TPX2', 'PSMD10', 'KIFC1', 'EZR', 'TYMS', 'PRC1', 'PPP2R2A', 'NDC80', 'HSF1', 'PCNA', 'USP28', 'KIF2C', 'NCAPG2', 'TXLNG', 'BLM', 'CUL2', 'TP53', 'PRCC', 'TDRKH', 'ERCC6L', 'ZWILCH', 'EMD', 'TOPBP1', 'USP16', 'IPO7', 'CHEK2', 'GSPT1', 'CENPF', 'CCNT1', 'FOXA1', 'FBXL17', 'CLIP1', 'INCENP', 'SMC2', 'CARM1', 'ZFP36L2', 'VCP', 'RBBP8', 'ENSA', 'NOLC1', 'DLGAP5', 'FEN1', 'HMGA2', 'CSNK2A2', 'CCNA2', 'MDC1', 'MAD2L1', 'GINS3', 'CDK1', 'TUBB3', 'YWHAG', 'RECQL5', 'WDHD1', 'KIF23', 'CCNB1', 'EP300', 'AURKB', 'TIPRL', 'GTF2H1', 'APPL1', 'EIF4EBP1', 'TUBB6', 'RAB35', 'LIMK2', 'TFAP4', 'RFC1', 'CTDP1', 'PLK1', 'WRN', 'SENP6', 'TOP2A', 'TUBB2A', 'LCMT1', 'ATRX', 'BCCIP', 'HMMR', 'UBE2C', 'CHMP1B', 'VRK1', 'USP8', 'NCOR1', 'ANLN', 'SPC25', 'NUMA1', 'PRIM1', 'CKAP2', 'IPO5', 'MKI67', 'CUL4A', 'DSCC1', 'NUP155', 'CEP55', 'CHORDC1', 'RACGAP1', 'OBSL1', 'FBXL6', 'POLA2', 'AKAP8L', 'HDAC8', 'CDK13', 'PPME1', 'TFDP1', 'NTMT1', 'GINS1', 'STAT3', 'MCM3', 'MCM7', 'LATS1', 'SMARCAD1', 'RFC5', 'RASA1', 'TP53BP2', 'CDK2', 'EIF4G1', 'KIF20A', 'ANKLE2', 'NR2F2', 'MCM5', 'GTSE1', 'BUB1B', 'DYNC1LI1', 'LEMD2', 'ALKBH4', 'FOXJ2', 'NUSAP1', 'AKAP8', 'PRKCE', 'MCM4', 'PSMF1', 'LPIN1', 'GIPC1', 'MCM6', 'CHMP7']","[['IMP', 'ISS', 'IBA'], ['IDA', 'IBA', 'TAS'], ['NAS'], ['IBA', 'TAS'], ['IDA', 'IMP', 'IBA', 'TAS'], ['IDA', 'IMP', 'TAS'], ['IDA', 'IMP', 'IBA', 'TAS'], ['IDA', 'ISS', 'IBA', 'TAS'], ['IDA', 'TAS'], ['IMP', 'IBA', 'NAS'], ['IMP'], ['TAS'], ['IDA', 'IBA', 'TAS'], ['TAS'], ['IDA', 'IMP', 'IBA', 'TAS'], ['IMP'], ['ISS', 'TAS'], ['IMP', 'IBA'], ['IMP', 'TAS'], ['IBA', 'TAS'], ['IMP', 'ISS', 'IBA'], ['IDA', 'IMP', 'TAS'], ['TAS'], ['IMP', 'TAS'], ['IDA'], ['ISS'], ['TAS'], ['TAS'], ['TAS'], ['IBA'], ['IDA'], ['TAS'], ['IMP', 'IBA', 'TAS'], ['TAS'], ['IDA', 'IMP', 'IBA', 'TAS', 'NAS'], ['TAS'], ['IMP'], ['IBA'], ['TAS'], ['IMP', 'IBA', 'TAS'], ['IDA', 'TAS'], ['TAS'], ['ISS'], ['IBA'], ['TAS'], ['ISS'], ['TAS'], ['IBA', 'NAS'], ['IMP', 'TAS'], ['IDA'], ['IMP', 'IBA', 'TAS'], ['IDA', 'IBA'], ['TAS'], ['IDA', 'IMP', 'IBA', 'TAS'], ['IBA'], ['IMP', 'IBA', 'TAS'], ['IBA'], ['TAS'], ['IMP'], ['IBA'], ['IMP', 'IBA', 'TAS'], ['IDA', 'IMP', 'IBA', 'TAS'], ['TAS'], ['IDA', 'IMP', 'ISS', 'IBA', 'TAS'], ['IMP'], ['TAS'], ['IDA'], ['IMP'], ['IBA'], ['IMP'], ['IDA'], ['IDA'], ['TAS'], ['IMP'], ['IDA', 'IMP', 'IBA', 'TAS'], ['TAS'], ['IMP', 'IBA'], ['IBA'], ['IBA'], ['IMP', 'TAS'], ['IMP', 'ISS'], ['IDA', 'IMP', 'ISO', 'TAS'], ['TAS'], ['IMP', 'IBA', 'TAS'], ['IMP'], ['TAS'], ['IMP'], ['IMP'], ['IDA', 'IBA', 'TAS'], ['IMP', 'TAS'], ['IDA', 'IMP', 'ISS', 'IBA'], ['TAS'], ['IGI'], ['TAS'], ['IDA'], ['TAS'], ['IMP', 'IBA', 'TAS'], ['TAS'], ['IMP', 'IGI', 'IBA'], ['IBA'], ['IDA', 'IMP'], ['IMP'], ['IBA'], ['TAS'], ['IMP'], ['IMP'], ['TAS'], ['TAS'], ['IDA', 'TAS'], ['IMP'], ['IBA'], ['IDA'], ['IBA'], ['IBA'], ['IDA', 'IBA'], ['IMP'], ['TAS'], ['ISS'], ['TAS'], ['IMP', 'IBA', 'TAS', 'NAS'], ['IMP'], ['IDA', 'IMP'], ['IMP', 'TAS'], ['IDA'], ['IBA'], ['TAS', 'NAS'], ['IBA', 'TAS', 'NAS'], ['IMP', 'TAS'], ['TAS'], ['IMP'], ['ISS'], ['IDA', 'IBA'], ['IMP', 'TAS'], ['IMP'], ['IBA'], ['TAS'], ['TAS'], ['IMP'], ['IBA'], ['IMP', 'TAS']]"
GO:BP,GO:0000075,cell cycle checkpoint signaling,6.374499625463456e-06,True,"""A signaling process that controls cell cycle progression by monitoring the integrity of specific cell cycle events. A cell cycle checkpoint begins with detection of deficiencies or defects and ends with signal transduction."" [GOC:mtg_cell_cycle]",146,234,20,12487,0.08547008547008547,0.136986301369863,query_1,"['GO:0035556', 'GO:1901988']","['TRIP13', 'ZWINT', 'CHEK1', 'NDC80', 'PCNA', 'USP28', 'BLM', 'TP53', 'TOPBP1', 'CHEK2', 'CENPF', 'CARM1', 'HMGA2', 'MDC1', 'MAD2L1', 'CDK1', 'CCNB1', 'EP300', 'AURKB', 'TIPRL']","[['IMP', 'IBA'], ['IDA'], ['IDA', 'IMP'], ['IMP'], ['TAS'], ['IMP', 'IBA'], ['IDA'], ['IMP', 'TAS'], ['IBA'], ['IBA', 'TAS'], ['NAS'], ['TAS'], ['IDA'], ['TAS'], ['IDA', 'IMP', 'IBA', 'TAS'], ['IBA', 'TAS'], ['IMP', 'TAS'], ['TAS'], ['ISS'], ['IMP']]"
GO:BP,GO:0006271,DNA strand elongation involved in DNA replication,8.450716669968984e-06,True,"""The process in which an existing DNA strand is extended by activities including the addition of nucleotides to the 3' end of the strand, complementary to an existing template, as part of DNA replication."" [GOC:mah, ISBN:071673706X, ISBN:0815316194]",18,1670,15,12487,0.008982035928143712,0.8333333333333334,query_1,"['GO:0006261', 'GO:0022616']","['PCNA', 'GINS3', 'GINS1', 'MCM3', 'MCM7', 'MCM4', 'GINS2', 'POLA1', 'LIG1', 'POLD3', 'GINS4', 'POLD2', 'RFC3', 'RFC4', 'LIG3']","[['IBA'], ['TAS'], ['IBA', 'TAS'], ['IBA'], ['IBA'], ['IBA'], ['TAS'], ['IDA', 'IMP', 'IBA'], ['IBA'], ['IBA'], ['TAS'], ['IBA'], ['TAS'], ['TAS'], ['IBA']]"
GO:BP,GO:0007093,mitotic cell cycle checkpoint signaling,9.830076123213477e-06,True,"""A signaling process that ensures accurate chromosome replication and segregation by preventing progression through a mitotic cell cycle until conditions are suitable for the cell to proceed to the next stage."" [GOC:mtg_cell_cycle]",122,228,18,12487,0.07894736842105263,0.14754098360655737,query_1,"['GO:0000075', 'GO:0045930', 'GO:1903047']","['TRIP13', 'ZWINT', 'CHEK1', 'NDC80', 'PCNA', 'BLM', 'TP53', 'TOPBP1', 'CHEK2', 'CENPF', 'CARM1', 'HMGA2', 'MDC1', 'MAD2L1', 'CDK1', 'CCNB1', 'EP300', 'AURKB']","[['IMP'], ['IDA'], ['IMP'], ['IMP'], ['TAS'], ['IDA'], ['IMP', 'TAS'], ['IBA'], ['IBA', 'TAS'], ['NAS'], ['TAS'], ['IDA'], ['TAS'], ['IDA', 'IMP', 'IBA', 'TAS'], ['IBA', 'TAS'], ['IMP', 'TAS'], ['TAS'], ['ISS']]"
GO:BP,GO:0007052,mitotic spindle organization,1.1854274620500989e-05,True,"""A process that is carried out at the cellular level which results in the assembly, arrangement of constituent parts, or disassembly of the microtubule spindle during a mitotic cell cycle."" [GOC:go_curators, GOC:mah]",172,228,20,12487,0.08771929824561403,0.11627906976744186,query_1,"['GO:0007051', 'GO:1902850']","['ZWINT', 'MAPRE1', 'KIF11', 'TPX2', 'KIFC1', 'PRC1', 'NDC80', 'KIF2C', 'ERCC6L', 'ZWILCH', 'CHEK2', 'CENPF', 'CLIP1', 'INCENP', 'VCP', 'DLGAP5', 'MAD2L1', 'KIF23', 'CCNB1', 'AURKB']","[['TAS'], ['TAS'], ['IDA', 'IMP', 'IBA', 'TAS'], ['IDA', 'ISS', 'IBA'], ['IMP', 'IBA'], ['IBA', 'TAS'], ['IMP', 'TAS'], ['TAS'], ['TAS'], ['TAS'], ['IMP'], ['TAS'], ['TAS'], ['TAS'], ['IBA'], ['IBA'], ['TAS'], ['IMP', 'IBA', 'TAS'], ['IMP'], ['IMP', 'IBA', 'TAS']]"
GO:BP,GO:0033260,nuclear DNA replication,1.307086099852314e-05,True,"""The DNA-dependent DNA replication that occurs in the nucleus of eukaryotic organisms as part of the cell cycle."" [GOC:mtg_cell_cycle]",56,753,20,12487,0.02656042496679947,0.35714285714285715,query_1,['GO:0044786'],"['PCNA', 'BLM', 'FEN1', 'GINS3', 'RFC1', 'WRN', 'ATRX', 'PRIM1', 'DSCC1', 'POLA2', 'GINS1', 'MCM3', 'MCM7', 'RFC5', 'MCM5', 'MCM4', 'MCM6', 'CHTF18', 'MCM2', 'POLA1']","[['ISS', 'TAS'], ['TAS'], ['TAS'], ['IBA'], ['TAS'], ['TAS'], ['ISS'], ['TAS'], ['TAS'], ['TAS'], ['IBA'], ['IBA'], ['IBA'], ['TAS'], ['IBA'], ['IBA'], ['IBA'], ['TAS'], ['IBA'], ['IBA', 'TAS']]"
GO:BP,GO:0140014,mitotic nuclear division,1.523850567387535e-05,True,"""A mitotic cell cycle process comprising the steps by which the nucleus of a eukaryotic cell divides; the process involves condensation of chromosomal DNA into a highly compacted form. Canonically, mitosis produces two daughter nuclei whose chromosome complement is identical to that of the mother cell."" [ISBN:0198547684]",271,506,40,12487,0.07905138339920949,0.14760147601476015,query_1,"['GO:0000280', 'GO:1903047']","['TRIP13', 'ZWINT', 'KIF11', 'CHEK1', 'NCAPD3', 'TPX2', 'KIFC1', 'PRC1', 'PPP2R2A', 'NDC80', 'KIF2C', 'NCAPG2', 'EMD', 'CHEK2', 'CENPF', 'SMC2', 'DLGAP5', 'CSNK2A2', 'MAD2L1', 'CDK1', 'KIF23', 'CCNB1', 'AURKB', 'CTDP1', 'PLK1', 'LCMT1', 'ATRX', 'BCCIP', 'UBE2C', 'CHMP1B', 'VRK1', 'ANLN', 'NUMA1', 'MKI67', 'DSCC1', 'NUP155', 'RACGAP1', 'OBSL1', 'AKAP8L', 'CDK13']","[['IMP'], ['IDA', 'IBA'], ['IDA', 'IMP', 'IBA'], ['IDA'], ['IDA', 'IMP', 'IBA', 'TAS'], ['IDA', 'IBA'], ['IMP', 'IBA', 'NAS'], ['IBA', 'TAS'], ['TAS'], ['IMP', 'IBA', 'TAS'], ['IMP'], ['IBA', 'TAS'], ['TAS'], ['IMP'], ['NAS'], ['IDA', 'TAS'], ['NAS'], ['TAS'], ['IDA', 'IMP', 'IBA', 'TAS'], ['TAS'], ['IMP', 'IBA', 'TAS'], ['IMP', 'IBA', 'TAS'], ['IDA', 'IMP', 'TAS'], ['IMP'], ['IDA', 'IMP', 'TAS'], ['IMP'], ['IMP'], ['IMP'], ['IMP', 'IBA', 'TAS'], ['IMP'], ['TAS'], ['TAS'], ['IMP'], ['IDA'], ['IMP', 'IBA'], ['TAS'], ['IDA'], ['IMP'], ['IMP'], ['TAS']]"
GO:BP,GO:0044786,cell cycle DNA replication,2.296368207578295e-05,True,"""The DNA-dependent DNA replication that takes place as part of the cell cycle."" [GOC:mtg_cell_cycle]",57,1182,25,12487,0.021150592216582064,0.43859649122807015,query_1,"['GO:0006261', 'GO:0022402']","['PCNA', 'BLM', 'FEN1', 'GINS3', 'RFC1', 'WRN', 'ATRX', 'PRIM1', 'DSCC1', 'POLA2', 'GINS1', 'MCM3', 'MCM7', 'RFC5', 'MCM5', 'MCM4', 'MCM6', 'CHTF18', 'MCM2', 'POLA1', 'ZPR1', 'LIG1', 'POLD3', 'POLD2', 'ORC3']","[['ISS', 'TAS'], ['TAS'], ['TAS'], ['IBA'], ['TAS'], ['TAS'], ['ISS'], ['TAS'], ['TAS'], ['TAS'], ['IBA'], ['IBA'], ['IBA'], ['TAS'], ['IBA'], ['IBA'], ['IBA'], ['TAS'], ['IBA'], ['IBA', 'TAS'], ['ISS'], ['IBA'], ['TAS'], ['TAS'], ['IBA']]"
GO:BP,GO:0051276,chromosome organization,3.7955533814709136e-05,True,"""A process that is carried out at the cellular level that results in the assembly, arrangement of constituent parts, or disassembly of chromosomes, structures composed of a very long molecule of DNA and associated proteins that carries hereditary information. This term covers covalent modifications at the molecular level as well as spatial relationships among the major components of a chromosome."" [GOC:ai, GOC:dph, GOC:jl, GOC:mah]",824,817,120,12487,0.14687882496940025,0.14563106796116504,query_1,['GO:0006996'],"['DHX36', 'TRIP13', 'ZWINT', 'NSD3', 'RIOX1', 'CHEK1', 'NCAPD3', 'WDR70', 'GATAD2B', 'CHAF1B', 'KIFC1', 'PRC1', 'NDC80', 'PCNA', 'KIF2C', 'NCAPG2', 'BLM', 'TP53', 'USP7', 'ATAD2', 'ASF1B', 'USP16', 'CENPF', 'FOXA1', 'INCENP', 'SMC2', 'CARM1', 'DLGAP5', 'FEN1', 'HMGA2', 'CSNK2A2', 'CCNA2', 'MAD2L1', 'CDK1', 'RECQL5', 'KIF23', 'CHAF1A', 'CCNB1', 'EP300', 'AURKB', 'PRMT6', 'GTF2H1', 'ARID1B', 'PARG', 'UHRF1', 'CHD8', 'KDM3B', 'RFC1', 'PLK1', 'WRN', 'SETD3', 'SENP6', 'TOP2A', 'LCMT1', 'CDAN1', 'ATRX', 'COPS7B', 'SFPQ', 'UBE2C', 'CHMP1B', 'VRK1', 'MRGBP', 'FAM50A', 'SMARCA2', 'NUMA1', 'PRIM1', 'MKI67', 'SUPT16H', 'CUL4A', 'SRPK1', 'DSCC1', 'ASH2L', 'NUP155', 'RACGAP1', 'FBXO4', 'ARID2', 'POLA2', 'AKAP8L', 'SRCAP', 'HDAC8', 'RAD23B', 'NTMT1', 'PAK1', 'MCM7', 'LATS1', 'SMARCAD1', 'RFC5', 'SUPT6H', 'YLPM1', 'CDK2', 'FMR1', 'BUB1B', 'DYNC1LI1', 'ALKBH4', 'NUSAP1', 'SMYD2', 'ZMIZ1', 'AKAP8', 'MCM4', 'MCM6', 'CHMP7', 'ANXA1', 'CHTF18', 'TLK1', 'MCM2', 'WAC', 'ERCC4', 'SAFB', 'POGZ', 'BOD1', 'NPM3', 'POLA1', 'TBL1X', 'IPO4', 'SETD2', 'MT3', 'MSH3', 'CHMP2A', 'BAZ2A', 'NCAPD2']","[['IDA', 'IMP'], ['IMP', 'ISS'], ['IDA', 'IBA'], ['IDA', 'IMP'], ['ISS', 'IBA'], ['ISS'], ['IDA', 'IMP', 'IBA', 'TAS'], ['IBA'], ['HDA'], ['IDA', 'IBA'], ['IMP', 'NAS'], ['IBA', 'TAS'], ['IMP', 'IBA', 'TAS'], ['ISS', 'TAS'], ['IMP'], ['IBA', 'TAS'], ['IDA', 'ISS', 'IBA', 'TAS'], ['IDA'], ['ISS', 'TAS'], ['IBA'], ['IDA', 'IBA'], ['IDA', 'IMP', 'ISS'], ['NAS'], ['ISS'], ['IBA'], ['IDA', 'TAS'], ['IDA', 'IMP', 'ISS'], ['IBA', 'NAS'], ['IMP', 'TAS'], ['IDA', 'TAS'], ['TAS'], ['IDA'], ['IDA', 'IMP', 'IBA', 'TAS'], ['TAS'], ['IBA'], ['IMP', 'IBA', 'TAS'], ['IDA', 'IBA'], ['IMP', 'IBA', 'TAS'], ['IDA', 'IMP', 'IBA'], ['IDA', 'IMP', 'ISS', 'TAS'], ['IDA'], ['TAS'], ['IBA', 'NAS'], ['IBA'], ['IDA', 'ISS', 'IBA'], ['IMP'], ['IBA'], ['TAS'], ['IDA', 'IMP', 'TAS'], ['IDA', 'IMP', 'IGI', 'ISS', 'IBA', 'TAS'], ['ISS'], ['IMP', 'IBA'], ['IDA', 'IMP', 'IBA'], ['IMP'], ['IMP'], ['IDA', 'IMP', 'ISS', 'TAS'], ['TAS'], ['ISS'], ['IBA'], ['IMP'], ['IDA'], ['IBA'], ['IBA'], ['IBA', 'TAS'], ['IMP'], ['TAS'], ['ISS'], ['IBA', 'TAS'], ['TAS'], ['TAS'], ['IMP', 'IBA', 'TAS'], ['IDA', 'IBA'], ['IBA'], ['IDA'], ['IMP', 'ISO', 'IC'], ['IDA'], ['TAS'], ['IMP'], ['IBA'], ['IMP', 'IBA', 'TAS'], ['IDA', 'TAS'], ['IDA'], ['IDA'], ['IBA'], ['IDA'], ['IMP', 'IBA', 'NAS'], ['TAS'], ['IMP', 'IBA'], ['IBA'], ['IDA', 'TAS'], ['IDA'], ['IBA'], ['IMP'], ['ISS'], ['IDA', 'IBA'], ['IBA'], ['IBA'], ['IMP'], ['IBA'], ['IBA'], ['IMP'], ['IBA'], ['TAS'], ['IDA', 'IBA'], ['IBA'], ['IMP'], ['IDA', 'IMP', 'IGI'], ['TAS'], ['IMP'], ['IMP'], ['IBA'], ['TAS'], ['IBA'], ['IDA'], ['IDA', 'IMP'], ['IMP'], ['IMP', 'IBA'], ['IMP'], ['ISS', 'NAS'], ['IDA', 'IMP', 'IBA', 'NAS']]"
GO:BP,GO:1902850,microtubule cytoskeleton organization involved in mitosis,4.2545407413327386e-05,True,"""Any microtubule cytoskeleton organization that is involved in mitosis."" [GO_REF:0000060, GOC:TermGenie, PMID:18799626]",183,228,20,12487,0.08771929824561403,0.1092896174863388,query_1,"['GO:0000226', 'GO:1903047']","['ZWINT', 'MAPRE1', 'KIF11', 'TPX2', 'KIFC1', 'PRC1', 'NDC80', 'KIF2C', 'ERCC6L', 'ZWILCH', 'CHEK2', 'CENPF', 'CLIP1', 'INCENP', 'VCP', 'DLGAP5', 'MAD2L1', 'KIF23', 'CCNB1', 'AURKB']","[['TAS'], ['TAS'], ['IDA', 'IMP', 'IBA', 'TAS'], ['IDA', 'ISS', 'IBA'], ['IMP', 'IBA'], ['IBA', 'TAS'], ['IMP', 'TAS'], ['TAS'], ['TAS'], ['TAS'], ['IMP'], ['TAS'], ['TAS'], ['TAS'], ['IBA'], ['IBA'], ['IMP', 'TAS'], ['IMP', 'IBA', 'TAS'], ['IMP'], ['IMP', 'IBA', 'TAS']]"
GO:BP,GO:0007051,spindle organization,4.417908533069995e-05,True,"""A process that is carried out at the cellular level which results in the assembly, arrangement of constituent parts, or disassembly of the spindle, the array of microtubules and associated molecules that forms between opposite poles of a eukaryotic cell during DNA segregation and serves to move the duplicated chromosomes apart."" [GOC:go_curators, GOC:mah]",213,409,29,12487,0.07090464547677261,0.13615023474178403,query_1,"['GO:0000226', 'GO:0022402']","['ZWINT', 'MAPRE1', 'KIF11', 'TPX2', 'KIFC1', 'EZR', 'PRC1', 'NDC80', 'KIF2C', 'ERCC6L', 'ZWILCH', 'CHEK2', 'CENPF', 'CLIP1', 'INCENP', 'VCP', 'DLGAP5', 'MAD2L1', 'KIF23', 'CCNB1', 'AURKB', 'LIMK2', 'PLK1', 'SENP6', 'BCCIP', 'CHMP1B', 'NCOR1', 'SPC25', 'NUMA1']","[['TAS'], ['IBA', 'TAS'], ['IDA', 'IMP', 'IBA', 'TAS'], ['IDA', 'ISS', 'IBA'], ['IMP', 'IBA'], ['IMP'], ['IBA', 'TAS'], ['IMP', 'TAS'], ['TAS'], ['TAS'], ['TAS'], ['IMP'], ['TAS'], ['TAS'], ['IBA', 'TAS'], ['IBA'], ['IBA'], ['TAS'], ['IMP', 'IBA', 'TAS'], ['IMP'], ['IMP', 'IBA', 'TAS'], ['IDA'], ['IDA', 'TAS'], ['IMP', 'IBA'], ['IMP'], ['IMP'], ['IMP'], ['IMP', 'TAS'], ['IDA', 'IMP']]"
GO:BP,GO:0000819,sister chromatid segregation,9.434287688056375e-05,True,"""The cell cycle process in which sister chromatids are organized and then physically separated and apportioned to two or more sets."" [GOC:ai, GOC:elh]",165,493,29,12487,0.058823529411764705,0.17575757575757575,query_1,"['GO:0051276', 'GO:0098813']","['TRIP13', 'ZWINT', 'NCAPD3', 'KIFC1', 'PRC1', 'NDC80', 'KIF2C', 'NCAPG2', 'CENPF', 'SMC2', 'DLGAP5', 'FEN1', 'CSNK2A2', 'MAD2L1', 'CDK1', 'KIF23', 'CCNB1', 'AURKB', 'PLK1', 'TOP2A', 'LCMT1', 'ATRX', 'UBE2C', 'CHMP1B', 'NUMA1', 'DSCC1', 'RACGAP1', 'AKAP8L', 'HDAC8']","[['IMP'], ['IDA', 'IBA'], ['IDA', 'IMP', 'IBA', 'TAS'], ['IMP', 'NAS'], ['IBA', 'TAS'], ['IMP', 'IBA', 'TAS'], ['IMP'], ['IBA', 'TAS'], ['NAS'], ['IDA', 'TAS'], ['NAS'], ['IMP'], ['TAS'], ['IDA', 'IMP', 'IBA', 'TAS'], ['TAS'], ['IMP', 'IBA', 'TAS'], ['IMP', 'IBA', 'TAS'], ['IDA', 'IMP', 'TAS'], ['IDA', 'IMP', 'TAS'], ['IBA'], ['IMP'], ['IMP'], ['IBA'], ['IMP'], ['IMP'], ['IMP', 'IBA'], ['IDA'], ['IMP'], ['IMP']]"
GO:BP,GO:0000070,mitotic sister chromatid segregation,0.0002147491695432789,True,"""The cell cycle process in which replicated homologous chromosomes are organized and then physically separated and apportioned to two sets during the mitotic cell cycle. Each replicated chromosome, composed of two sister chromatids, aligns at the cell equator, paired with its homologous partner. One homolog of each morphologic type goes into each of the resulting chromosome sets."" [GOC:ai, GOC:jl]",143,486,26,12487,0.053497942386831275,0.18181818181818182,query_1,"['GO:0000819', 'GO:0140014', 'GO:1903047']","['TRIP13', 'ZWINT', 'NCAPD3', 'KIFC1', 'PRC1', 'NDC80', 'KIF2C', 'NCAPG2', 'CENPF', 'SMC2', 'DLGAP5', 'CSNK2A2', 'MAD2L1', 'CDK1', 'KIF23', 'CCNB1', 'AURKB', 'PLK1', 'LCMT1', 'ATRX', 'UBE2C', 'CHMP1B', 'NUMA1', 'DSCC1', 'RACGAP1', 'AKAP8L']","[['IMP'], ['IDA', 'IBA'], ['IDA', 'IMP', 'IBA', 'TAS'], ['IMP', 'NAS'], ['IBA', 'TAS'], ['IMP', 'IBA', 'TAS'], ['IMP'], ['IBA', 'TAS'], ['NAS'], ['IDA', 'TAS'], ['NAS'], ['TAS'], ['IDA', 'IMP', 'IBA', 'TAS'], ['TAS'], ['IMP', 'IBA', 'TAS'], ['IMP', 'IBA', 'TAS'], ['IDA', 'IMP', 'TAS'], ['IDA', 'IMP', 'TAS'], ['IMP'], ['IMP'], ['IBA'], ['IMP'], ['IMP'], ['IMP', 'IBA'], ['IDA'], ['IMP']]"
GO:BP,GO:0006281,DNA repair,0.0003855478849297581,True,"""The process of restoring DNA after damage. Genomes are subject to damage by chemical and physical agents in the environment (e.g. UV and ionizing radiations, chemical mutagens, fungal and bacterial toxins, etc.) and by free radicals or alkylating agents endogenously generated in metabolism. DNA is also damaged because of errors during its replication. A variety of different DNA repair pathways have been reported that include direct reversal, base excision repair, nucleotide excision repair, photoreactivation, bypass, double-strand break repair pathway, and mismatch repair pathway."" [PMID:11563486]",401,249,32,12487,0.1285140562248996,0.0798004987531172,query_1,"['GO:0006259', 'GO:0006974']","['UBE2T', 'TRIP13', 'CHEK1', 'WDR70', 'HSF1', 'PCNA', 'PPIE', 'POLB', 'BLM', 'TP53', 'USP7', 'TOPBP1', 'FANCI', 'UBQLN4', 'CHEK2', 'USP10', 'VCP', 'RBBP8', 'NSD2', 'FEN1', 'HMGA2', 'MDC1', 'IGHMBP2', 'CDK1', 'RECQL5', 'WDHD1', 'UNG', 'EP300', 'PRMT6', 'GTF2H1', 'PARG', 'PMS2']","[['IMP', 'TAS'], ['ISS'], ['IDA', 'IMP'], ['IBA'], ['IMP'], ['IDA', 'IMP', 'IBA', 'TAS'], ['TAS'], ['IDA', 'IMP', 'IBA', 'TAS'], ['IDA', 'IBA', 'NAS'], ['IMP'], ['IMP', 'TAS'], ['NAS'], ['TAS'], ['IDA'], ['IMP', 'TAS'], ['TAS'], ['IDA', 'IMP', 'ISS', 'TAS', 'NAS'], ['IMP', 'IBA', 'TAS'], ['TAS'], ['TAS'], ['IDA'], ['TAS'], ['TAS'], ['TAS'], ['IMP', 'IBA', 'TAS'], ['IBA'], ['IDA', 'ISO', 'IBA', 'TAS'], ['TAS'], ['TAS'], ['IBA', 'TAS'], ['IBA', 'TAS'], ['IDA', 'IMP', 'IBA', 'TAS']]"
GO:BP,GO:0007059,chromosome segregation,0.0004185177482482586,True,"""The process in which genetic material, in the form of chromosomes, is organized into specific structures and then physically separated and apportioned to two or more sets. In eukaryotes, chromosome segregation begins with the condensation of chromosomes, includes chromosome separation, and ends when chromosomes have completed movement to the spindle poles."" [GOC:jl, GOC:mah, GOC:mtg_cell_cycle, GOC:vw]",232,748,46,12487,0.06149732620320856,0.19827586206896552,query_1,['GO:0009987'],"['TRIP13', 'ZWINT', 'NCAPD3', 'KIFC1', 'PRC1', 'NDC80', 'KIF2C', 'NCAPG2', 'CENPF', 'INCENP', 'SMC2', 'DLGAP5', 'FEN1', 'CSNK2A2', 'MAD2L1', 'CDK1', 'RECQL5', 'KIF23', 'CCNB1', 'AURKB', 'PLK1', 'TOP2A', 'LCMT1', 'ATRX', 'UBE2C', 'CHMP1B', 'SPC25', 'NUMA1', 'MKI67', 'SRPK1', 'DSCC1', 'RACGAP1', 'AKAP8L', 'HDAC8', 'NTMT1', 'LATS1', 'SMARCAD1', 'BUB1B', 'DYNC1LI1', 'NUSAP1', 'CHMP7', 'ECT2', 'TLK1', 'ERCC4', 'POGZ', 'BOD1']","[['IMP', 'ISS'], ['IDA', 'IBA'], ['IDA', 'IMP', 'IBA', 'TAS'], ['IMP', 'NAS'], ['IBA', 'TAS'], ['IDA', 'IMP', 'IBA', 'TAS'], ['IMP'], ['IBA', 'TAS'], ['IDA', 'IMP', 'IBA', 'NAS'], ['IMP', 'IBA'], ['IDA', 'TAS'], ['IBA', 'NAS'], ['IMP'], ['IMP', 'IBA', 'TAS'], ['IDA', 'IMP', 'IBA', 'TAS'], ['TAS'], ['IMP'], ['IMP', 'IBA', 'TAS'], ['IMP', 'IBA', 'TAS'], ['IDA', 'IMP', 'TAS'], ['IDA', 'IMP', 'TAS'], ['IMP', 'IBA'], ['IMP'], ['IMP'], ['IBA'], ['IMP'], ['IMP', 'IBA'], ['IMP'], ['IDA'], ['IDA'], ['IMP', 'IBA'], ['IDA', 'IMP'], ['IMP'], ['IMP'], ['IMP'], ['IDA'], ['IMP'], ['IBA'], ['IMP'], ['IDA', 'IBA'], ['IMP'], ['IMP'], ['IBA'], ['IBA'], ['IMP'], ['IMP']]"
GO:BP,GO:0006974,cellular response to DNA damage stimulus,0.0006108937226723832,True,"""Any process that results in a change in state or activity of a cell (in terms of movement, secretion, enzyme production, gene expression, etc.) as a result of a stimulus indicating damage to its DNA from environmental insults or errors during metabolism."" [GOC:go_curators]",630,249,41,12487,0.1646586345381526,0.06507936507936508,query_1,['GO:0033554'],"['UBE2T', 'TRIP13', 'CHEK1', 'WDR70', 'PSMD10', 'HSF1', 'PCNA', 'USP28', 'PPIE', 'UBA6', 'POLB', 'BLM', 'TP53', 'USP7', 'TOPBP1', 'FXR1', 'FANCI', 'USP16', 'GNL1', 'UBQLN4', 'CHEK2', 'USP10', 'CARM1', 'VCP', 'RBBP8', 'NSD2', 'FEN1', 'HMGA2', 'MDC1', 'IGHMBP2', 'CDK1', 'RECQL5', 'WDHD1', 'UNG', 'CCNB1', 'EP300', 'PRMT6', 'TIPRL', 'GTF2H1', 'PARG', 'PMS2']","[['IMP', 'IBA', 'TAS'], ['ISS'], ['IDA', 'IMP', 'ISS'], ['IBA'], ['IDA'], ['IMP'], ['IDA', 'IMP', 'IBA', 'TAS'], ['IDA', 'IMP', 'IBA'], ['TAS'], ['IBA'], ['IDA', 'IMP', 'IBA', 'TAS'], ['IDA', 'IMP', 'IBA', 'NAS'], ['IDA', 'IMP', 'TAS'], ['IMP', 'TAS'], ['IDA', 'IBA', 'NAS'], ['IBA'], ['TAS'], ['IDA'], ['IDA'], ['IDA'], ['IDA', 'IMP', 'IBA', 'TAS'], ['IMP', 'IBA', 'TAS'], ['TAS'], ['IDA', 'IMP', 'ISS', 'TAS', 'NAS'], ['IMP', 'IBA', 'TAS'], ['TAS'], ['TAS'], ['IDA'], ['TAS'], ['TAS'], ['IBA', 'TAS'], ['IMP', 'IBA', 'TAS'], ['IBA'], ['IDA', 'ISO', 'IBA', 'TAS'], ['TAS'], ['IDA', 'TAS'], ['TAS'], ['IMP'], ['IBA', 'TAS'], ['IBA', 'TAS'], ['IDA', 'IMP', 'IBA', 'TAS']]"
GO:BP,GO:0022616,DNA strand elongation,0.0006908457245580756,True,"""The DNA metabolic process in which an existing DNA strand is extended by activities including the addition of nucleotides to the 3' end of the strand."" [GOC:isa_complete, GOC:mah]",23,1670,16,12487,0.009580838323353293,0.6956521739130435,query_1,['GO:0006259'],"['PCNA', 'GINS3', 'GINS1', 'MCM3', 'MCM7', 'MCM4', 'GINS2', 'POLA1', 'LIG1', 'POLD3', 'GINS4', 'POLD2', 'RAD50', 'RFC3', 'RFC4', 'LIG3']","[['IBA'], ['TAS'], ['IBA', 'TAS'], ['IBA'], ['IBA'], ['IBA'], ['TAS'], ['IDA', 'IMP', 'IBA'], ['IBA'], ['IBA'], ['TAS'], ['IBA'], ['IMP'], ['TAS'], ['TAS'], ['IBA']]"
GO:BP,GO:0044282,small molecule catabolic process,0.0011626884939736494,True,"""The chemical reactions and pathways resulting in the breakdown of small molecules, any low molecular weight, monomeric, non-encoded molecule."" [GOC:curators, GOC:vw]",327,3848,163,12487,0.04235966735966736,0.4984709480122324,query_1,"['GO:0009056', 'GO:0044281']","['XDH', 'PGK1', 'ENTPD5', 'AMACR', 'KHK', 'ACAD10', 'GCSH', 'CROT', 'MECR', 'GLYATL2', 'RIDA', 'GSTZ1', 'LPIN1', 'SHMT2', 'MT3', 'EHHADH', 'NUDT1', 'FOXK1', 'PGAM1', 'ECI1', 'SLC27A4', 'ACOX3', 'LONP2', 'PTEN', 'OXCT1', 'HAAO', 'CTH', 'INPP1', 'ACOT8', 'MMAA', 'TKFC', 'HK2', 'GPI', 'LPIN2', 'LDHD', 'CYP4F11', 'INPP5K', 'PGM2L1', 'PON3', 'ENO1', 'MPST', 'SDS', 'AKR1B10', 'ARG2', 'CARNMT1', 'ACBD5', 'GOT1', 'DDAH2', 'NUDT15', 'DPYD', 'ALDOC', 'OCRL', 'PFKP', 'TPI1', 'ENPP4', 'CPT1A', 'GALT', 'PFKL', 'HGD', 'HACL1', 'ACSF3', 'GALM', 'PKM', 'NUDT18', 'NUDT9', 'PRODH', 'UPP1', 'KYNU', 'SHMT1', 'NUDT19', 'IMPA2', 'LPIN3', 'IRS2', 'IDNK', 'GAPDH', 'GNPDA2', 'IDO1', 'HK1', 'GLS', 'SYNJ1', 'IL4I1', 'ALDOA', 'MCAT', 'IRS1', 'ADO', 'ENO3', 'ALDH3A2', 'AKT2', 'GLDC', 'NT5E', 'BDH1', 'QPRT', 'ACAA2', 'OAT', 'BCAT1', 'ATP2B4', 'ACADL', 'INPP5A', 'APOBEC3C', 'GALE', 'ILVBL', 'NOS3', 'DLST', 'ACADM', 'ACAD8', 'AASS', 'GSK3A', 'HSD17B10', 'HK3', 'DDAH1', 'HADHB', 'ASRGL1', 'GLUD1', 'XYLB', 'SCARF1', 'ECI2', 'CRAT', 'HNMT', 'PNP', 'ETFB', 'ACADVL', 'TST', 'HYKK', 'ALDH5A1', 'ENTPD1', 'HMGCL', 'DECR1', 'SORD', 'ALDH7A1', 'ADA', 'APOBEC3G', 'NT5C1A', 'BDH2', 'ECHS1', 'PFKM', 'ADAL', 'HIBCH', 'ACADS', 'ABCD3', 'TYMP', 'ALDH1L1', 'CRYM', 'ARG1', 'ALDH6A1', 'HIBADH', 'ALDH1A1', 'ACAT1', 'DBT', 'BCKDHB', 'MUT', 'MCCC1', 'ASPA', 'AMT', 'IVD', 'PCCA', 'ACADSB', 'ETFDH', 'CYP27A1', 'ECHDC2', 'CRYL1', 'SULT1B1', 'ABAT', 'PHYH']","[['IDA'], ['TAS'], ['TAS'], ['TAS'], ['TAS'], ['TAS'], ['IBA', 'TAS'], ['IDA', 'TAS'], ['TAS'], ['IDA'], ['TAS'], ['IBA', 'TAS'], ['ISS', 'IBA'], ['IBA'], ['ISS'], ['IDA', 'ISS', 'IBA', 'TAS', 'NAS'], ['TAS'], ['IDA'], ['TAS'], ['ISS', 'IBA', 'TAS', 'NAS'], ['IBA'], ['IBA', 'TAS'], ['IMP'], ['IDA'], ['TAS'], ['TAS'], ['TAS'], ['IBA'], ['IDA', 'IBA', 'TAS'], ['TAS'], ['IBA', 'TAS'], ['TAS'], ['TAS'], ['IBA'], ['IMP', 'IBA'], ['IDA', 'IBA'], ['IDA', 'IBA'], ['TAS'], ['IDA'], ['IDA', 'IMP', 'TAS'], ['TAS'], ['IDA', 'IBA', 'TAS'], ['IDA'], ['IBA'], ['TAS'], ['TAS'], ['IDA'], ['TAS'], ['TAS'], ['IDA', 'TAS'], ['TAS'], ['IBA'], ['IBA', 'TAS'], ['IBA', 'TAS'], ['IDA'], ['TAS'], ['IBA', 'TAS'], ['IBA', 'TAS'], ['IBA', 'TAS'], ['IDA', 'IBA', 'TAS'], ['IDA'], ['IBA'], ['TAS'], ['TAS'], ['TAS'], ['IBA', 'TAS'], ['IDA', 'TAS'], ['IMP', 'IBA', 'TAS'], ['IDA', 'IBA'], ['TAS'], ['IDA', 'IBA'], ['IBA'], ['IMP'], ['IBA'], ['TAS'], ['IBA'], ['IBA', 'TAS'], ['TAS'], ['IDA', 'IBA', 'NAS'], ['ISS', 'IBA'], ['IDA', 'IBA'], ['TAS'], ['TAS'], ['IMP'], ['TAS'], ['TAS'], ['TAS'], ['IMP'], ['IDA', 'IBA', 'TAS'], ['TAS'], ['TAS'], ['IDA', 'IBA'], ['IBA', 'TAS'], ['IBA'], ['TAS'], ['IDA'], ['ISS', 'IBA', 'TAS'], ['IDA', 'IBA'], ['IDA'], ['IDA', 'IBA', 'TAS'], ['IDA'], ['IDA', 'IBA'], ['TAS'], ['IDA', 'IMP', 'IBA', 'TAS'], ['TAS'], ['TAS', 'NAS'], ['IC'], ['IDA', 'TAS'], ['TAS'], ['IDA', 'TAS'], ['IBA', 'TAS'], ['IDA', 'ISS', 'IBA'], ['IDA', 'IBA'], ['TAS'], ['IC'], ['ISS', 'TAS'], ['IDA', 'TAS'], ['TAS'], ['IDA'], ['IDA'], ['IDA', 'IMP', 'ISS', 'TAS'], ['TAS'], ['TAS'], ['IDA', 'IMP', 'TAS'], ['TAS'], ['IBA', 'TAS', 'NAS'], ['IDA', 'TAS'], ['IDA', 'IMP', 'IBA', 'TAS'], ['TAS'], ['IDA', 'ISS', 'IBA'], ['IDA'], ['TAS'], ['IDA'], ['IDA', 'IBA', 'TAS'], ['IBA', 'TAS'], ['IBA'], ['IBA', 'TAS'], ['IDA', 'IBA', 'TAS', 'IC'], ['IGI', 'IBA'], ['TAS'], ['TAS'], ['TAS'], ['IBA', 'TAS'], ['IMP', 'IBA', 'TAS'], ['IDA', 'IBA', 'TAS'], ['TAS'], ['IMP', 'IBA', 'TAS'], ['TAS'], ['IMP', 'IBA', 'TAS'], ['TAS'], ['ISS', 'TAS', 'NAS'], ['TAS'], ['IMP', 'IBA', 'TAS'], ['IDA', 'ISS', 'TAS'], ['TAS', 'IC'], ['IMP', 'TAS'], ['IMP'], ['IDA'], ['IBA'], ['TAS'], ['IDA'], ['IBA', 'TAS'], ['IDA', 'IBA', 'TAS']]"
GO:BP,GO:0044770,cell cycle phase transition,0.0014786865110905502,True,"""The cell cycle process by which a cell commits to entering the next cell cycle phase."" [GOC:mtg_cell_cycle]",473,243,34,12487,0.13991769547325103,0.07188160676532769,query_1,['GO:0022402'],"['TRIP13', 'ZWINT', 'MAPRE1', 'CHEK1', 'TPX2', 'PSMD10', 'TYMS', 'PPP2R2A', 'NDC80', 'PCNA', 'USP28', 'BLM', 'CUL2', 'TP53', 'TOPBP1', 'CHEK2', 'GSPT1', 'CENPF', 'FBXL17', 'CARM1', 'ZFP36L2', 'ENSA', 'DLGAP5', 'HMGA2', 'CCNA2', 'MDC1', 'MAD2L1', 'CDK1', 'YWHAG', 'CCNB1', 'EP300', 'AURKB', 'TIPRL', 'APPL1']","[['IMP', 'IBA'], ['IDA'], ['TAS'], ['IDA', 'IMP'], ['TAS'], ['TAS'], ['TAS'], ['TAS'], ['IMP'], ['TAS'], ['IMP', 'IBA'], ['IDA'], ['TAS'], ['IMP', 'TAS'], ['IBA'], ['IMP', 'IBA', 'TAS'], ['TAS'], ['IMP', 'IBA', 'NAS'], ['IBA'], ['TAS'], ['ISS'], ['ISS'], ['NAS'], ['IDA'], ['IDA', 'IBA'], ['TAS'], ['IDA', 'IMP', 'IBA', 'TAS'], ['IMP', 'IBA', 'TAS'], ['TAS'], ['IDA', 'IMP', 'IBA', 'TAS'], ['TAS'], ['ISS'], ['IMP'], ['IDA']]"
GO:BP,GO:0044772,mitotic cell cycle phase transition,0.0017930175353626664,True,"""The cell cycle process by which a cell commits to entering the next mitotic cell cycle phase."" [GOC:mtg_cell_cycle]",418,228,30,12487,0.13157894736842105,0.07177033492822966,query_1,"['GO:0044770', 'GO:1903047']","['TRIP13', 'ZWINT', 'MAPRE1', 'CHEK1', 'TPX2', 'PSMD10', 'TYMS', 'PPP2R2A', 'NDC80', 'PCNA', 'BLM', 'CUL2', 'TP53', 'TOPBP1', 'CHEK2', 'GSPT1', 'CENPF', 'FBXL17', 'CARM1', 'ZFP36L2', 'ENSA', 'DLGAP5', 'HMGA2', 'CCNA2', 'MAD2L1', 'CDK1', 'YWHAG', 'CCNB1', 'EP300', 'AURKB']","[['IMP'], ['IDA'], ['TAS'], ['IMP'], ['TAS'], ['TAS'], ['TAS'], ['TAS'], ['IMP'], ['TAS'], ['IDA'], ['TAS'], ['IMP', 'TAS'], ['IBA'], ['IMP', 'TAS'], ['TAS'], ['IMP', 'IBA', 'NAS'], ['IBA'], ['TAS'], ['ISS'], ['ISS'], ['NAS'], ['IDA'], ['IDA', 'IBA'], ['IDA', 'IMP', 'IBA', 'TAS'], ['IMP', 'IBA', 'TAS'], ['TAS'], ['IDA', 'IMP', 'IBA', 'TAS'], ['TAS'], ['ISS']]"
GO:BP,GO:0048285,organelle fission,0.002161534935367563,True,"""The creation of two or more organelles by division of one organelle."" [GOC:jid]",359,486,45,12487,0.09259259259259259,0.12534818941504178,query_1,['GO:0006996'],"['TRIP13', 'ZWINT', 'KIF11', 'CHEK1', 'NCAPD3', 'TPX2', 'KIFC1', 'PRC1', 'PPP2R2A', 'NDC80', 'KIF2C', 'NCAPG2', 'TDRKH', 'EMD', 'CHEK2', 'CENPF', 'INCENP', 'SMC2', 'DLGAP5', 'GDAP1', 'CSNK2A2', 'MAD2L1', 'CDK1', 'KIF23', 'CCNB1', 'AURKB', 'MCU', 'CTDP1', 'PLK1', 'TOP2A', 'LCMT1', 'ATRX', 'OPA1', 'BCCIP', 'UBE2C', 'CHMP1B', 'VRK1', 'ANLN', 'NUMA1', 'MKI67', 'DSCC1', 'NUP155', 'RACGAP1', 'OBSL1', 'AKAP8L']","[['IMP', 'ISS', 'IBA'], ['IDA', 'IBA'], ['IDA', 'IMP', 'IBA'], ['IDA'], ['IDA', 'IMP', 'IBA', 'TAS'], ['IDA', 'IBA'], ['IMP', 'IBA', 'NAS'], ['IBA', 'TAS'], ['TAS'], ['IMP', 'IBA', 'TAS'], ['IMP'], ['IBA', 'TAS'], ['ISS'], ['TAS'], ['IMP'], ['NAS'], ['IBA'], ['IDA', 'TAS'], ['NAS'], ['IDA', 'IBA'], ['TAS'], ['IDA', 'IMP', 'IBA', 'TAS'], ['TAS'], ['IMP', 'IBA', 'TAS'], ['IMP', 'IBA', 'TAS'], ['IDA', 'IMP', 'TAS'], ['IMP'], ['IMP'], ['IDA', 'IMP', 'TAS'], ['IBA'], ['IMP'], ['IMP'], ['IBA', 'TAS'], ['IMP'], ['IMP', 'IBA', 'TAS'], ['IMP'], ['TAS'], ['TAS'], ['IMP'], ['IDA'], ['IMP', 'IBA'], ['TAS'], ['IDA'], ['IMP'], ['IMP']]"
GO:BP,GO:1901988,negative regulation of cell cycle phase transition,0.0022435347502893195,True,"""Any process that stops, prevents or reduces the frequency, rate or extent of cell cycle phase transition."" [GOC:mtg_cell_cycle, GOC:TermGenie, PMID:22841721]",224,234,22,12487,0.09401709401709402,0.09821428571428571,query_1,"['GO:0010948', 'GO:0044770', 'GO:1901987']","['TRIP13', 'ZWINT', 'CHEK1', 'PSMD10', 'NDC80', 'PCNA', 'USP28', 'BLM', 'TP53', 'TOPBP1', 'CHEK2', 'CENPF', 'CARM1', 'ZFP36L2', 'HMGA2', 'MDC1', 'MAD2L1', 'CDK1', 'CCNB1', 'EP300', 'AURKB', 'TIPRL']","[['IMP', 'IBA'], ['IDA'], ['IDA', 'IMP'], ['TAS'], ['IMP'], ['TAS'], ['IMP', 'IBA'], ['IDA'], ['IMP', 'TAS'], ['IBA'], ['IBA', 'TAS'], ['NAS'], ['TAS'], ['ISS'], ['IDA'], ['TAS'], ['IDA', 'IMP', 'IBA', 'TAS'], ['IBA', 'TAS'], ['IMP', 'TAS'], ['TAS'], ['ISS'], ['IMP']]"
GO:BP,GO:0000280,nuclear division,0.0029552753885864268,True,"""The division of a cell nucleus into two nuclei, with DNA and other nuclear contents distributed between the daughter nuclei."" [GOC:mah]",319,486,42,12487,0.08641975308641975,0.13166144200626959,query_1,['GO:0048285'],"['TRIP13', 'ZWINT', 'KIF11', 'CHEK1', 'NCAPD3', 'TPX2', 'KIFC1', 'PRC1', 'PPP2R2A', 'NDC80', 'KIF2C', 'NCAPG2', 'TDRKH', 'EMD', 'CHEK2', 'CENPF', 'INCENP', 'SMC2', 'DLGAP5', 'CSNK2A2', 'MAD2L1', 'CDK1', 'KIF23', 'CCNB1', 'AURKB', 'CTDP1', 'PLK1', 'TOP2A', 'LCMT1', 'ATRX', 'BCCIP', 'UBE2C', 'CHMP1B', 'VRK1', 'ANLN', 'NUMA1', 'MKI67', 'DSCC1', 'NUP155', 'RACGAP1', 'OBSL1', 'AKAP8L']","[['IMP', 'ISS', 'IBA'], ['IDA', 'IBA'], ['IDA', 'IMP', 'IBA'], ['IDA'], ['IDA', 'IMP', 'IBA', 'TAS'], ['IDA', 'IBA'], ['IMP', 'IBA', 'NAS'], ['IBA', 'TAS'], ['TAS'], ['IMP', 'IBA', 'TAS'], ['IMP'], ['IBA', 'TAS'], ['ISS'], ['TAS'], ['IMP'], ['NAS'], ['IBA'], ['IDA', 'TAS'], ['NAS'], ['TAS'], ['IDA', 'IMP', 'IBA', 'TAS'], ['TAS'], ['IMP', 'IBA', 'TAS'], ['IMP', 'IBA', 'TAS'], ['IDA', 'IMP', 'TAS'], ['IMP'], ['IDA', 'IMP', 'TAS'], ['IBA'], ['IMP'], ['IMP'], ['IMP'], ['IMP', 'IBA', 'TAS'], ['IMP'], ['TAS'], ['TAS'], ['IMP'], ['IDA'], ['IMP', 'IBA'], ['TAS'], ['IDA'], ['IMP'], ['IMP']]"
GO:BP,GO:0051983,regulation of chromosome segregation,0.003706342968976,True,"""Any process that modulates the frequency, rate or extent of chromosome segregation, the process in which genetic material, in the form of chromosomes, is organized and then physically separated and apportioned to two or more sets."" [GOC:ai]",67,435,15,12487,0.034482758620689655,0.22388059701492538,query_1,"['GO:0007059', 'GO:0050794']","['TRIP13', 'ZWINT', 'NDC80', 'KIF2C', 'CENPF', 'DLGAP5', 'CSNK2A2', 'MAD2L1', 'CCNB1', 'AURKB', 'PLK1', 'LCMT1', 'UBE2C', 'NUMA1', 'MKI67']","[['IMP'], ['IDA'], ['IMP'], ['IMP'], ['NAS'], ['NAS'], ['IMP', 'IBA'], ['IDA', 'IMP', 'IBA', 'TAS'], ['IMP'], ['IDA', 'TAS'], ['IDA', 'IMP'], ['IMP'], ['IBA'], ['IMP'], ['IDA']]"
GO:BP,GO:0000077,DNA damage checkpoint signaling,0.004332099483462279,True,"""A signal transduction process that contributes to a DNA damage checkpoint."" [GOC:mah]",101,234,14,12487,0.05982905982905983,0.13861386138613863,query_1,"['GO:0031570', 'GO:0042770']","['CHEK1', 'PCNA', 'USP28', 'BLM', 'TP53', 'TOPBP1', 'CHEK2', 'CARM1', 'HMGA2', 'MDC1', 'CDK1', 'CCNB1', 'EP300', 'TIPRL']","[['IDA', 'IMP'], ['TAS'], ['IMP', 'IBA'], ['IDA'], ['IMP', 'TAS'], ['IBA'], ['IBA', 'TAS'], ['TAS'], ['IDA'], ['TAS'], ['IBA', 'TAS'], ['TAS'], ['TAS'], ['IMP']]"
GO:BP,GO:1901991,negative regulation of mitotic cell cycle phase transition,0.0049982862397328544,True,"""Any process that stops, prevents or reduces the frequency, rate or extent of mitotic cell cycle phase transition."" [GOC:mtg_cell_cycle, GOC:TermGenie, PMID:22841721]",185,228,19,12487,0.08333333333333333,0.10270270270270271,query_1,"['GO:0044772', 'GO:0045930', 'GO:1901988', 'GO:1901990']","['TRIP13', 'ZWINT', 'CHEK1', 'PSMD10', 'NDC80', 'PCNA', 'BLM', 'TP53', 'TOPBP1', 'CHEK2', 'CENPF', 'CARM1', 'ZFP36L2', 'HMGA2', 'MAD2L1', 'CDK1', 'CCNB1', 'EP300', 'AURKB']","[['IMP'], ['IDA'], ['IMP'], ['TAS'], ['IMP'], ['TAS'], ['IDA'], ['IMP', 'TAS'], ['IBA'], ['TAS'], ['NAS'], ['TAS'], ['ISS'], ['IDA'], ['IDA', 'IMP', 'IBA', 'TAS'], ['IBA', 'TAS'], ['IMP', 'TAS'], ['TAS'], ['ISS']]"
GO:BP,GO:0098813,nuclear chromosome segregation,0.006453873485730119,True,"""The process in which genetic material, in the form of nuclear chromosomes, is organized into specific structures and then physically separated and apportioned to two or more sets. Nuclear chromosome segregation begins with the condensation of chromosomes, includes chromosome separation, and ends when chromosomes have completed movement to the spindle poles."" [GOC:dos]",193,748,39,12487,0.05213903743315508,0.20207253886010362,query_1,"['GO:0007059', 'GO:0022402']","['TRIP13', 'ZWINT', 'NCAPD3', 'KIFC1', 'PRC1', 'NDC80', 'KIF2C', 'NCAPG2', 'CENPF', 'INCENP', 'SMC2', 'DLGAP5', 'FEN1', 'CSNK2A2', 'MAD2L1', 'CDK1', 'KIF23', 'CCNB1', 'AURKB', 'PLK1', 'TOP2A', 'LCMT1', 'ATRX', 'UBE2C', 'CHMP1B', 'NUMA1', 'DSCC1', 'RACGAP1', 'AKAP8L', 'HDAC8', 'LATS1', 'BUB1B', 'DYNC1LI1', 'NUSAP1', 'CHMP7', 'ECT2', 'ERCC4', 'POGZ', 'BOD1']","[['IMP', 'ISS'], ['IDA', 'IBA'], ['IDA', 'IMP', 'IBA', 'TAS'], ['IMP', 'NAS'], ['IBA', 'TAS'], ['IDA', 'IMP', 'IBA', 'TAS'], ['IMP'], ['IBA', 'TAS'], ['IDA', 'IBA', 'NAS'], ['IBA'], ['IDA', 'TAS'], ['NAS'], ['IMP'], ['TAS'], ['IDA', 'IMP', 'IBA', 'TAS'], ['TAS'], ['IMP', 'IBA', 'TAS'], ['IMP', 'IBA', 'TAS'], ['IDA', 'IMP', 'TAS'], ['IDA', 'IMP', 'TAS'], ['IBA'], ['IMP'], ['IMP'], ['IBA'], ['IMP'], ['IMP'], ['IMP', 'IBA'], ['IDA', 'IMP'], ['IMP'], ['IMP'], ['IDA'], ['IBA'], ['IMP'], ['IDA', 'IBA'], ['IMP'], ['IMP'], ['IBA'], ['IMP'], ['IMP']]"
GO:BP,GO:0000281,mitotic cytokinesis,0.007840775249075886,True,"""A cell cycle process that results in the division of the cytoplasm of a cell after mitosis, resulting in the separation of the original cell into two daughter cells."" [GOC:mtg_cell_cycle]",63,2618,34,12487,0.012987012987012988,0.5396825396825397,query_1,"['GO:0061640', 'GO:1903047']","['INCENP', 'KIF23', 'RAB35', 'PLK1', 'CHMP1B', 'USP8', 'ANLN', 'CKAP2', 'CEP55', 'RACGAP1', 'RASA1', 'KIF20A', 'NUSAP1', 'CHMP7', 'ECT2', 'CHMP2A', 'CIT', 'SPAST', 'SNX18', 'PDCD6IP', 'SNX9', 'MAP9', 'VPS4B', 'ROCK2', 'CHMP5', 'CUL7', 'STAMBP', 'CHMP6', 'SNX33', 'TTC19', 'KIF4A', 'CHMP2B', 'ARL3', 'STMN1']","[['IMP', 'IBA'], ['IMP'], ['IMP'], ['IDA'], ['IMP'], ['IMP'], ['IDA', 'IBA'], ['IGI'], ['IMP', 'IGI', 'IBA'], ['IDA', 'IMP'], ['ISS'], ['IMP'], ['IDA', 'IBA'], ['IMP'], ['IMP', 'IBA'], ['IMP'], ['IMP'], ['IMP'], ['IMP'], ['IDA', 'IMP'], ['IMP'], ['IMP', 'IBA'], ['IMP'], ['IBA'], ['IMP'], ['IMP'], ['IMP'], ['IMP'], ['IMP'], ['TAS'], ['IMP'], ['IMP'], ['IMP'], ['IMP']]"
GO:BP,GO:0006396,RNA processing,0.008101646853617028,True,"""Any process involved in the conversion of one or more primary RNA transcripts into one or more mature RNA molecules."" [GOC:mah]",816,915,108,12487,0.1180327868852459,0.1323529411764706,query_1,"['GO:0010467', 'GO:0016070']","['DHX36', 'NSUN2', 'ZC3H7A', 'WBP11', 'EIF6', 'HSF1', 'PPIE', 'STRAP', 'TP53', 'PRCC', 'CDK12', 'FXR1', 'TFB1M', 'CCNT1', 'TFB2M', 'GEMIN2', 'RNMT', 'HNRNPF', 'NOLC1', 'COIL', 'UTP20', 'PRDX6', 'TRMT5', 'RIOK1', 'C9orf64', 'BUD13', 'RBPMS', 'GTF2H1', 'RPUSD2', 'RBMXL1', 'TRMT1L', 'RIPK1', 'RALY', 'RNF113A', 'RPRD1A', 'ZBTB8OS', 'TRIT1', 'LSM1', 'USP39', 'CLNS1A', 'ESF1', 'RP9', 'CPSF7', 'TSR1', 'SFPQ', 'MBNL2', 'NVL', 'NCOR1', 'THG1L', 'POLR2H', 'RPRD2', 'CMTR1', 'NGDN', 'SRPK1', 'ESRP1', 'SENP3', 'AKAP8L', 'NSUN5', 'HNRNPUL1', 'NOL10', 'CDK13', 'CDKAL1', 'STAT3', 'ELP3', 'RRP1B', 'SUPT6H', 'SSB', 'THADA', 'FMR1', 'NCBP1', 'DICER1', 'TEX10', 'WBP4', 'POP1', 'TGS1', 'C2orf49', 'AHCYL1', 'TRMT1', 'PRX', 'TRMT6', 'DROSHA', 'SRPK2', 'FXR2', 'ALKBH8', 'AKAP17A', 'SAFB', 'POLDIP3', 'MAP2K1', 'TRMT10C', 'CDC40', 'MTPAP', 'GEMIN5', 'ATXN1', 'SYNCRIP', 'NOL11', 'TIA1', 'OSGEP', 'ZPR1', 'RPP30', 'C9orf78', 'WDR43', 'KHSRP', 'GPATCH1', 'PABPC4', 'CELF2', 'PRPF4', 'RPRD1B', 'DUS2']","[['IMP'], ['IDA', 'IBA', 'TAS'], ['IMP', 'IBA'], ['IBA', 'TAS'], ['IBA'], ['IMP'], ['IDA', 'TAS', 'IC'], ['IDA', 'IBA'], ['IDA', 'IMP'], ['TAS'], ['ISS'], ['IBA'], ['IBA', 'TAS'], ['IMP'], ['IBA'], ['IDA', 'IBA', 'TAS'], ['IDA', 'IMP', 'IBA', 'TAS'], ['IDA', 'IMP', 'IBA', 'TAS', 'IC'], ['TAS'], ['IBA'], ['IMP', 'ISS', 'TAS'], ['IGI'], ['IMP', 'IBA'], ['IMP', 'IBA'], ['IBA'], ['IDA', 'ISS', 'IBA'], ['TAS'], ['TAS'], ['IBA'], ['IBA'], ['IBA'], ['IDA'], ['IC'], ['IDA', 'IBA'], ['IBA'], ['IDA', 'IBA', 'TAS'], ['IBA', 'TAS'], ['TAS'], ['IDA', 'IMP', 'TAS'], ['IDA', 'TAS'], ['IBA'], ['TAS'], ['IMP', 'TAS'], ['IBA'], ['IMP', 'IBA', 'TAS'], ['IDA', 'IBA'], ['IDA'], ['IMP'], ['IDA', 'ISS', 'IBA', 'TAS'], ['TAS'], ['IBA'], ['IDA', 'IMP', 'IBA'], ['IBA'], ['IDA', 'IBA', 'TAS'], ['IDA', 'IBA'], ['TAS'], ['IDA'], ['IDA', 'IBA'], ['TAS'], ['IBA'], ['ISS', 'TAS'], ['IBA', 'TAS'], ['IMP'], ['IDA', 'IBA', 'TAS'], ['ISS', 'IBA'], ['ISS', 'IBA'], ['IMP', 'IGI', 'TAS'], ['IBA'], ['IDA', 'IBA'], ['IDA', 'IMP', 'IBA', 'TAS'], ['IDA', 'IMP', 'ISS', 'IBA', 'TAS'], ['TAS'], ['IDA', 'IBA', 'TAS'], ['IDA', 'IBA', 'TAS'], ['IDA', 'IBA', 'TAS'], ['TAS'], ['IDA'], ['IBA', 'TAS'], ['IBA'], ['TAS'], ['IDA', 'IMP', 'IBA'], ['IDA', 'IBA', 'TAS'], ['IBA'], ['IDA', 'IMP', 'IBA'], ['IMP', 'IBA'], ['IBA'], ['TAS'], ['IMP'], ['IDA', 'IMP', 'IBA', 'TAS'], ['IDA', 'TAS', 'IC'], ['IDA', 'IBA'], ['IDA', 'TAS'], ['NAS'], ['TAS', 'IC'], ['IMP', 'IBA', 'TAS'], ['IDA'], ['IDA'], ['IMP'], ['IDA', 'IBA', 'TAS'], ['IBA'], ['IMP', 'TAS'], ['TAS'], ['IC'], ['TAS'], ['IDA', 'IBA', 'TAS'], ['IDA', 'IBA', 'TAS', 'NAS', 'IC'], ['IBA'], ['IDA', 'IBA']]"
GO:BP,GO:0006399,tRNA metabolic process,0.008248847721929638,True,"""The chemical reactions and pathways involving tRNA, transfer RNA, a class of relatively small RNA molecules responsible for mediating the insertion of amino acids into the sequence of nascent polypeptide chains during protein synthesis. Transfer RNA is characterized by the presence of many unusual minor bases, the function of which has not been completely established."" [ISBN:0198506732]",139,1821,50,12487,0.027457440966501923,0.3597122302158273,query_1,['GO:0034660'],"['NSUN2', 'SARS2', 'TRMT5', 'C9orf64', 'TRMT1L', 'ZBTB8OS', 'TRIT1', 'DARS2', 'TARS2', 'THG1L', 'CDKAL1', 'ELP3', 'SSB', 'THADA', 'IARS2', 'HARS2', 'YARS2', 'POP1', 'WARS2', 'C2orf49', 'TRMT1', 'TRMT6', 'ALKBH8', 'TRMT10C', 'NARS2', 'PARS2', 'OSGEP', 'RPP30', 'DUS2', 'TARBP1', 'DTD1', 'SLFN13', 'AARS2', 'MOCS3', 'ELAC2', 'MARS2', 'RPP40', 'PUS1', 'VARS', 'THUMPD3', 'EARS2', 'QTRT2', 'TRMU', 'CSTF2', 'TRMT10A', 'WARS', 'LARS2', 'ADAT1', 'PUS7', 'EXOSC2']","[['IDA', 'ISS', 'IBA', 'TAS'], ['ISS', 'IBA', 'TAS'], ['IMP', 'IBA'], ['IBA'], ['IBA'], ['IDA', 'IBA', 'TAS'], ['IBA', 'TAS'], ['IDA', 'TAS', 'IC'], ['IBA', 'TAS'], ['IDA', 'ISS', 'IBA', 'TAS'], ['IBA', 'TAS'], ['IDA', 'IBA', 'TAS'], ['IMP', 'IGI', 'TAS'], ['IBA'], ['IBA', 'TAS'], ['IDA', 'IBA', 'TAS'], ['IDA', 'IMP', 'IBA', 'TAS', 'IC'], ['IDA', 'IBA', 'TAS'], ['IBA', 'TAS'], ['TAS'], ['IBA', 'TAS'], ['TAS'], ['IDA', 'IMP', 'IBA'], ['IDA', 'IMP', 'IBA', 'TAS'], ['ISS'], ['IBA'], ['IDA'], ['IDA', 'IBA', 'TAS'], ['IDA', 'IBA'], ['IBA'], ['IBA'], ['IDA'], ['IMP', 'IBA'], ['IDA', 'IBA'], ['IMP', 'IBA', 'TAS'], ['IDA', 'IBA', 'TAS'], ['IDA', 'IBA', 'TAS'], ['IBA', 'TAS'], ['IBA', 'TAS'], ['IBA'], ['IDA', 'IBA'], ['IDA', 'IBA', 'TAS'], ['IBA'], ['TAS'], ['IDA', 'IMP', 'IBA'], ['IBA', 'TAS', 'NAS'], ['IDA', 'IBA', 'TAS'], ['IMP'], ['IDA'], ['IBA']]"
GO:BP,GO:0042770,signal transduction in response to DNA damage,0.008993000433951145,True,"""A cascade of processes induced by the detection of DNA damage within a cell."" [GOC:go_curators]",141,234,16,12487,0.06837606837606838,0.11347517730496454,query_1,"['GO:0006974', 'GO:0035556']","['CHEK1', 'PSMD10', 'PCNA', 'USP28', 'BLM', 'TP53', 'TOPBP1', 'CHEK2', 'USP10', 'CARM1', 'HMGA2', 'MDC1', 'CDK1', 'CCNB1', 'EP300', 'TIPRL']","[['IDA', 'IMP'], ['IDA'], ['TAS'], ['IMP', 'IBA'], ['IDA'], ['IDA', 'IMP', 'TAS'], ['IBA'], ['IDA', 'IBA', 'TAS'], ['IMP', 'IBA'], ['TAS'], ['IDA'], ['TAS'], ['IBA', 'TAS'], ['TAS'], ['TAS'], ['IMP']]"
GO:BP,GO:0031570,DNA integrity checkpoint signaling,0.00947835235005468,True,"""A signaling process that controls cell cycle progression in response to changes in DNA structure by monitoring the integrity of the DNA. The DNA integrity checkpoint begins with detection of DNA damage, defects in DNA structure or DNA replication, and progresses through signal transduction and ends with cell cycle effector processes."" [GOC:mtg_cell_cycle]",107,234,14,12487,0.05982905982905983,0.1308411214953271,query_1,['GO:0000075'],"['CHEK1', 'PCNA', 'USP28', 'BLM', 'TP53', 'TOPBP1', 'CHEK2', 'CARM1', 'HMGA2', 'MDC1', 'CDK1', 'CCNB1', 'EP300', 'TIPRL']","[['IDA', 'IMP'], ['TAS'], ['IMP', 'IBA'], ['IDA'], ['IMP', 'TAS'], ['IBA'], ['IBA', 'TAS'], ['TAS'], ['IDA'], ['TAS'], ['IBA', 'TAS'], ['TAS'], ['TAS'], ['IMP']]"
GO:BP,GO:0045071,negative regulation of viral genome replication,0.009895046867131831,True,"""Any process that stops, prevents, or reduces the frequency, rate or extent of viral genome replication."" [GOC:go_curators]",42,3608,34,12487,0.009423503325942351,0.8095238095238095,query_1,"['GO:0019079', 'GO:0045069', 'GO:0048525']","['HMGA2', 'APOBEC3B', 'SRPK1', 'ZC3HAV1', 'SRPK2', 'BST2', 'INPP5K', 'TNIP1', 'OASL', 'FAM111A', 'MAVS', 'MORC2', 'ISG15', 'RNASEL', 'APOBEC3F', 'SLPI', 'IFI16', 'OAS1', 'IFIT1', 'N4BP1', 'ISG20', 'SETDB1', 'ILF3', 'IFIT5', 'PLSCR1', 'APOBEC3C', 'PARP10', 'EIF2AK2', 'OAS3', 'CCL5', 'OAS2', 'IFITM3', 'APOBEC3G', 'MX1']","[['IDA'], ['IBA'], ['IDA'], ['IDA'], ['IDA'], ['IDA'], ['IDA'], ['TAS'], ['IDA', 'IBA'], ['IMP'], ['IDA'], ['IMP', 'ISS'], ['IMP'], ['IDA', 'IBA'], ['IDA', 'IBA'], ['IDA'], ['IDA'], ['IDA', 'ISO', 'IBA'], ['IMP'], ['IDA'], ['IMP', 'IBA'], ['ISS'], ['ISS'], ['IDA'], ['IMP'], ['IDA', 'IBA'], ['IMP'], ['IMP'], ['IDA', 'IBA'], ['IDA'], ['IBA'], ['IDA', 'IBA'], ['IDA', 'IBA'], ['IDA']]"
GO:BP,GO:0000959,mitochondrial RNA metabolic process,0.012256617101546378,True,"""The chemical reactions and pathways involving RNA transcribed from the mitochondrial genome and occurring in the mitochondrion."" [GOC:krc, GOC:mah]",36,1861,21,12487,0.011284255776464266,0.5833333333333334,query_1,['GO:0016070'],"['SARS2', 'TFB1M', 'TFB2M', 'TRMT5', 'TRIT1', 'DARS2', 'TARS2', 'SLIRP', 'YARS2', 'WARS2', 'TEFM', 'TRMT10C', 'AARS2', 'ELAC2', 'TFAM', 'PUS1', 'PDE12', 'EARS2', 'TRMT10A', 'FOXO3', 'TBRG4']","[['IBA'], ['IBA'], ['IDA', 'IBA', 'TAS'], ['IMP', 'IBA'], ['TAS'], ['IDA', 'IC'], ['TAS'], ['IBA'], ['IMP', 'IC'], ['IBA'], ['IMP'], ['IDA', 'IMP', 'IBA', 'TAS'], ['IMP'], ['IMP', 'IBA', 'TAS'], ['IDA', 'IMP', 'IBA', 'TAS'], ['TAS'], ['IMP'], ['IDA'], ['IBA'], ['IMP'], ['IMP']]"
GO:BP,GO:0006261,DNA-dependent DNA replication,0.014888082204917419,True,"""A DNA replication process that uses parental DNA as a template for the DNA-dependent DNA polymerases that synthesize the new strands."" [GOC:mah, ISBN:0198506732]",180,956,38,12487,0.0397489539748954,0.2111111111111111,query_1,['GO:0006260'],"['PSMD10', 'STOML2', 'PCNA', 'POLB', 'BLM', 'TOPBP1', 'FEN1', 'GINS3', 'RECQL5', 'WDHD1', 'RFC1', 'WRN', 'MGME1', 'ATRX', 'PRIM1', 'DSCC1', 'POLA2', 'GINS1', 'MCM3', 'MCM7', 'RFC5', 'CDK2', 'MCM5', 'MCM4', 'PSMF1', 'MCM6', 'GINS2', 'CHTF18', 'SRPK2', 'MCM2', 'POLA1', 'MSH3', 'TONSL', 'ZPR1', 'SMARCAL1', 'SSBP1', 'ATR', 'LIG1']","[['TAS'], ['IMP'], ['IMP', 'ISS', 'IBA', 'TAS'], ['TAS'], ['IDA', 'IMP', 'IBA', 'TAS', 'NAS'], ['IBA'], ['TAS'], ['IBA', 'TAS'], ['IBA'], ['IBA'], ['TAS'], ['IDA', 'IMP', 'IBA', 'TAS'], ['IMP', 'IBA'], ['ISS'], ['IDA', 'IBA', 'TAS'], ['IDA', 'TAS'], ['IDA', 'IBA', 'TAS'], ['IBA', 'TAS'], ['IBA', 'TAS'], ['IBA', 'TAS'], ['IDA', 'IBA', 'TAS'], ['TAS'], ['IBA', 'TAS'], ['IBA', 'TAS'], ['TAS'], ['IBA', 'TAS'], ['TAS'], ['IDA', 'TAS'], ['IDA'], ['IMP', 'IBA', 'TAS'], ['IDA', 'IMP', 'IBA', 'TAS'], ['IBA'], ['IMP'], ['ISS'], ['IMP', 'IBA', 'TAS'], ['IDA', 'IBA'], ['ISS'], ['IBA']]"
GO:BP,GO:0006259,DNA metabolic process,0.016601631834185615,True,"""Any cellular metabolic process involving deoxyribonucleic acid. This is one of the two main types of nucleic acid, consisting of a long, unbranched macromolecule formed from one, or more commonly, two, strands of linked deoxyribonucleotides."" [ISBN:0198506732]",641,1189,122,12487,0.10260723296888141,0.19032761310452417,query_1,"['GO:0044260', 'GO:0090304']","['UBE2T', 'DHX36', 'TRIP13', 'CHEK1', 'WDR70', 'TYMS', 'HSF1', 'PCNA', 'PPIE', 'POLB', 'BLM', 'TP53', 'USP7', 'TDRKH', 'TOPBP1', 'FANCI', 'GATAD2A', 'UBQLN4', 'CHEK2', 'USP10', 'VCP', 'RBBP8', 'NSD2', 'FEN1', 'HMGA2', 'MDC1', 'IGHMBP2', 'GINS3', 'CDK1', 'RECQL5', 'WDHD1', 'UNG', 'EP300', 'AURKB', 'PRMT6', 'GTF2H1', 'PARG', 'PMS2', 'UHRF1', 'OTUD4', 'RFC1', 'TDG', 'WRN', 'TOP2A', 'MGME1', 'ATRX', 'COPS7B', 'SFPQ', 'NVL', 'APOBEC3B', 'POLR2H', 'PRIM1', 'CUL4A', 'DSCC1', 'FBXO4', 'ARID2', 'POLA2', 'REXO4', 'MAPK8', 'HDAC8', 'RAD23B', 'GINS1', 'MCM3', 'MCM7', 'SMARCAD1', 'RFC5', 'SUPT6H', 'YLPM1', 'CDK2', 'MCM5', 'ALKBH4', 'DICER1', 'MCM4', 'MCM6', 'GINS2', 'VCPIP1', 'CHTF18', 'SRPK2', 'MCM2', 'POLI', 'ERCC4', 'TFRC', 'POLA1', 'SETD2', 'MSH3', 'BAZ2A', 'MPG', 'NUDT1', 'XRN1', 'DNMT3A', 'TONSL', 'ASF1A', 'FBXO6', 'MSH6', 'FTO', 'CUL4B', 'SMARCAL1', 'DCTPP1', 'ATR', 'LIG1', 'HPF1', 'SIRT1', 'GRHL2', 'GTF2I', 'OTUB1', 'HUWE1', 'POLD3', 'TSN', 'CHD1L', 'RNF168', 'PAXIP1', 'UBE2V2', 'BACH1', 'KPNA1', 'DCAF1', 'GINS4', 'POLD2', 'USP9X', 'SP100', 'ORC3', 'TCEA1', 'HMGB3']","[['IMP', 'TAS'], ['IMP'], ['ISS', 'IBA'], ['IDA', 'IMP'], ['IBA'], ['IC'], ['IMP'], ['IDA', 'IMP', 'ISS', 'IBA', 'TAS'], ['TAS'], ['IDA', 'IMP', 'IBA', 'TAS'], ['IDA', 'IMP', 'IBA', 'TAS', 'NAS'], ['IDA', 'IMP'], ['IDA', 'IMP', 'TAS'], ['ISS'], ['IBA', 'TAS', 'NAS'], ['TAS'], ['TAS'], ['IDA'], ['IMP', 'TAS'], ['TAS'], ['IDA', 'IMP', 'ISS', 'TAS', 'NAS'], ['IMP', 'IBA', 'TAS'], ['TAS'], ['IDA', 'TAS'], ['IDA'], ['TAS'], ['TAS'], ['IBA', 'TAS'], ['TAS'], ['IMP', 'IBA', 'TAS', 'NAS'], ['IBA'], ['IDA', 'ISO', 'IBA', 'TAS'], ['TAS'], ['IMP'], ['TAS'], ['IBA', 'TAS'], ['IBA', 'TAS'], ['IDA', 'IMP', 'IBA', 'TAS'], ['IMP', 'IBA'], ['IDA'], ['TAS'], ['IDA', 'IMP', 'ISS', 'IBA', 'TAS'], ['IDA', 'IMP', 'IGI', 'IBA', 'TAS'], ['IDA', 'IMP', 'IBA'], ['TAS'], ['ISS', 'TAS'], ['TAS'], ['IMP'], ['IMP', 'IBA'], ['IBA'], ['TAS'], ['IDA', 'IBA', 'TAS'], ['TAS'], ['IDA', 'TAS'], ['IMP', 'ISO', 'IC'], ['IMP'], ['IDA', 'IBA', 'TAS'], ['IDA', 'IBA'], ['TAS'], ['IMP'], ['IDA', 'TAS'], ['IBA', 'TAS'], ['IBA', 'TAS'], ['IBA', 'TAS'], ['IMP', 'IEP'], ['IDA', 'IBA', 'TAS', 'NAS'], ['ISS'], ['IBA'], ['TAS'], ['IBA', 'TAS'], ['ISS'], ['IBA'], ['IBA', 'TAS'], ['IBA', 'TAS'], ['IBA', 'TAS'], ['IDA'], ['IDA', 'TAS'], ['IDA'], ['IMP', 'IBA', 'TAS'], ['IBA', 'TAS'], ['IDA', 'IMP', 'IGI', 'IBA', 'TAS'], ['IDA'], ['IDA', 'IMP', 'IBA', 'TAS'], ['IDA', 'IMP'], ['IDA', 'IMP', 'IBA', 'TAS'], ['ISS'], ['IBA', 'TAS'], ['IDA', 'IC'], ['IC'], ['IDA', 'IMP'], ['IMP'], ['IDA'], ['TAS'], ['IDA', 'IMP', 'IGI', 'ISS', 'IBA', 'TAS'], ['IDA', 'IBA', 'TAS'], ['IDA', 'TAS'], ['IMP', 'IBA', 'TAS'], ['IMP', 'IBA'], ['ISS', 'IBA', 'TAS'], ['IDA', 'IBA', 'TAS'], ['IDA'], ['IMP', 'ISS'], ['IDA', 'IMP'], ['IDA'], ['IMP', 'IBA'], ['IMP', 'IBA'], ['IDA', 'IMP', 'IBA', 'TAS', 'NAS'], ['TAS'], ['TAS'], ['IDA', 'IMP', 'ISS', 'TAS'], ['ISS', 'TAS'], ['IMP', 'IBA', 'TAS'], ['IMP'], ['TAS'], ['IMP', 'ISS'], ['IBA', 'TAS'], ['IDA', 'IBA', 'TAS'], ['IDA'], ['IMP'], ['IBA', 'TAS'], ['TAS'], ['ISS']]"
GO:BP,GO:0046112,nucleobase biosynthetic process,0.01663021328659485,True,"""The chemical reactions and pathways resulting in the formation of a nucleobase, a nitrogenous base that is a constituent of a nucleic acid."" [GOC:ai]",14,2566,12,12487,0.004676539360872954,0.8571428571428571,query_1,"['GO:0009112', 'GO:0018130', 'GO:1901362', 'GO:1901566']","['PAICS', 'CAD', 'GMPS', 'SHMT2', 'HPRT1', 'UMPS', 'GART', 'CTPS1', 'APRT', 'DHODH', 'SHMT1', 'CTPS2']","[['TAS'], ['IDA', 'ISS', 'IBA'], ['TAS'], ['IBA'], ['IDA', 'IBA'], ['IBA'], ['IBA'], ['IBA'], ['IBA'], ['IBA'], ['IDA', 'IBA'], ['IBA']]"
GO:BP,GO:0033047,regulation of mitotic sister chromatid segregation,0.017156665334702798,True,"""Any process that modulates the frequency, rate or extent of sister chromatid segregation during mitosis."" [GOC:mah]",35,608,12,12487,0.019736842105263157,0.34285714285714286,query_1,"['GO:0000070', 'GO:0033045']","['TRIP13', 'ZWINT', 'NDC80', 'CENPF', 'MAD2L1', 'CCNB1', 'AURKB', 'PLK1', 'LCMT1', 'NUMA1', 'BUB1B', 'DYNC1LI1']","[['IMP'], ['IDA'], ['IMP'], ['NAS'], ['IDA', 'IMP', 'IBA', 'TAS'], ['IMP'], ['IDA'], ['IMP'], ['IMP'], ['IMP'], ['IBA'], ['IMP']]"
GO:BP,GO:0045930,negative regulation of mitotic cell cycle,0.0186284093325391,True,"""Any process that stops, prevents or reduces the rate or extent of progression through the mitotic cell cycle."" [GOC:dph, GOC:go_curators, GOC:tb]",216,228,20,12487,0.08771929824561403,0.09259259259259259,query_1,"['GO:0000278', 'GO:0007346', 'GO:0045786']","['TRIP13', 'ZWINT', 'CHEK1', 'PSMD10', 'NDC80', 'PCNA', 'BLM', 'TP53', 'TOPBP1', 'CHEK2', 'CENPF', 'CARM1', 'ZFP36L2', 'HMGA2', 'MDC1', 'MAD2L1', 'CDK1', 'CCNB1', 'EP300', 'AURKB']","[['IMP'], ['IDA'], ['IDA', 'IMP'], ['TAS'], ['IMP'], ['TAS'], ['IDA'], ['IMP', 'TAS'], ['IBA'], ['IBA', 'TAS'], ['NAS'], ['TAS'], ['ISS'], ['IDA'], ['TAS'], ['IDA', 'IMP', 'IBA', 'TAS'], ['IBA', 'TAS'], ['IMP', 'TAS'], ['TAS'], ['ISS']]"
GO:BP,GO:0010948,negative regulation of cell cycle process,0.020095779175222574,True,"""Any process that decreases the rate, frequency or extent of a cellular process that is involved in the progression of biochemical and morphological phases and events that occur in a cell during successive cell replication or nuclear replication events."" [GOC:dph, GOC:tb]",275,234,23,12487,0.09829059829059829,0.08363636363636363,query_1,"['GO:0010564', 'GO:0022402', 'GO:0045786']","['TRIP13', 'ZWINT', 'CHEK1', 'PSMD10', 'NDC80', 'PCNA', 'USP28', 'BLM', 'TP53', 'TOPBP1', 'CHEK2', 'CENPF', 'CARM1', 'ZFP36L2', 'RBBP8', 'HMGA2', 'MDC1', 'MAD2L1', 'CDK1', 'CCNB1', 'EP300', 'AURKB', 'TIPRL']","[['IMP', 'IBA'], ['IDA'], ['IDA', 'IMP', 'TAS'], ['TAS'], ['IMP'], ['TAS'], ['IMP', 'IBA'], ['IDA'], ['IMP', 'TAS'], ['IBA'], ['IBA', 'TAS'], ['NAS'], ['TAS'], ['ISS'], ['TAS'], ['IDA'], ['TAS'], ['IDA', 'IMP', 'IBA', 'TAS'], ['IBA', 'TAS'], ['IMP', 'TAS'], ['TAS'], ['ISS'], ['IMP']]"
GO:BP,GO:1902969,mitotic DNA replication,0.021502962480761893,True,"""Any nuclear DNA replication that is involved in a mitotic cell cycle."" [GO_REF:0000060, GOC:TermGenie]",11,956,8,12487,0.008368200836820083,0.7272727272727273,query_1,"['GO:0033260', 'GO:1903047']","['GINS3', 'GINS1', 'MCM3', 'MCM4', 'MCM6', 'MCM2', 'POLA1', 'LIG1']","[['IBA'], ['IBA'], ['IBA'], ['IBA'], ['IBA'], ['IBA'], ['IBA'], ['IBA']]"
GO:BP,GO:0006260,DNA replication,0.022436657067487254,True,"""The cellular metabolic process in which a cell duplicates one or more molecules of DNA. DNA replication begins when specific sequences, known as origins of replication, are recognized and bound by initiation proteins, and ends when the original DNA molecule has been completely duplicated and the copies topologically separated. The unit of replication usually corresponds to the genome of the cell, an organelle, or a virus. The template for replication can either be an existing DNA molecule or RNA."" [GOC:mah]",247,1025,49,12487,0.04780487804878049,0.19838056680161945,query_1,['GO:0034645'],"['CHEK1', 'PSMD10', 'STOML2', 'PCNA', 'POLB', 'BLM', 'TOPBP1', 'RBBP8', 'FEN1', 'CCNA2', 'IGHMBP2', 'GINS3', 'CDK1', 'RECQL5', 'WDHD1', 'RFC1', 'WRN', 'MGME1', 'CDAN1', 'ATRX', 'PRIM1', 'DSCC1', 'POLA2', 'GINS1', 'MCM3', 'MCM7', 'RFC5', 'CDK2', 'MCM5', 'MCM4', 'PSMF1', 'MCM6', 'REPIN1', 'GINS2', 'CHTF18', 'SRPK2', 'MCM2', 'POLA1', 'MSH3', 'TONSL', 'ZPR1', 'SMARCAL1', 'SSBP1', 'ATR', 'LIG1', 'WAPL', 'DUT', 'POLD3', 'FAF1']","[['TAS'], ['TAS'], ['IMP'], ['IMP', 'ISS', 'IBA', 'TAS'], ['TAS'], ['IDA', 'IMP', 'ISS', 'IBA', 'TAS', 'NAS'], ['IBA', 'TAS'], ['TAS'], ['TAS'], ['IMP'], ['TAS'], ['IBA', 'TAS'], ['TAS'], ['IMP', 'IBA'], ['IBA'], ['TAS'], ['IDA', 'IMP', 'ISS', 'IBA', 'TAS'], ['IMP', 'IBA'], ['IMP'], ['ISS'], ['IDA', 'IBA', 'TAS'], ['IDA', 'IMP', 'IBA', 'TAS'], ['IDA', 'IBA', 'TAS', 'NAS'], ['IBA', 'TAS'], ['IBA', 'TAS'], ['IBA', 'TAS'], ['IDA', 'IBA', 'TAS', 'NAS'], ['TAS'], ['IBA', 'TAS'], ['IBA', 'TAS', 'NAS'], ['TAS'], ['IBA', 'TAS', 'NAS'], ['TAS'], ['TAS'], ['IDA', 'TAS'], ['IDA'], ['IMP', 'IBA', 'TAS'], ['IDA', 'IMP', 'IBA', 'TAS'], ['IBA'], ['IMP'], ['ISS'], ['IMP', 'IBA', 'TAS'], ['IDA', 'IBA'], ['IMP', 'ISS', 'TAS'], ['IBA'], ['IMP'], ['TAS'], ['IBA', 'TAS'], ['IMP']]"
GO:BP,GO:1902299,pre-replicative complex assembly involved in cell cycle DNA replication,0.024594499303086485,True,"""Any pre-replicative complex assembly that is involved in cell cycle DNA replication."" [GOC:mtg_cell_cycle, GOC:TermGenie]",7,1182,7,12487,0.005922165820642978,1.0,query_1,"['GO:0022402', 'GO:0036388', 'GO:0044786']","['MCM3', 'MCM7', 'MCM5', 'MCM4', 'MCM6', 'MCM2', 'ORC3']","[['IBA'], ['IBA'], ['IBA'], ['IBA'], ['IBA'], ['IBA'], ['IBA']]"
GO:BP,GO:0006267,pre-replicative complex assembly involved in nuclear cell cycle DNA replication,0.024594499303086485,True,"""The aggregation, arrangement and bonding together of a set of components to form the nuclear pre-replicative complex, a protein-DNA complex that forms at the eukaryotic DNA replication origin and is required for replication initiation."" [GOC:mtg_cell_cycle]",7,1182,7,12487,0.005922165820642978,1.0,query_1,"['GO:0033260', 'GO:1902299']","['MCM3', 'MCM7', 'MCM5', 'MCM4', 'MCM6', 'MCM2', 'ORC3']","[['IBA'], ['IBA'], ['IBA'], ['IBA'], ['IBA'], ['IBA'], ['IBA']]"
GO:BP,GO:0051304,chromosome separation,0.02806320616760359,True,"""The cell cycle process in which paired chromosomes are detached from each other. Chromosome separation begins with the release of cohesin complexes from chromosomes; in budding yeast, this includes the cleavage of cohesin complexes along the chromosome arms, followed by the separation of the centromeric regions. Chromosome separation also includes formation of chromatid axes mediated by condensins, and ends with the disentangling of inter-sister catenation catalyzed by topoisomerase II (topo II)."" [GOC:ai, GOC:lb, GOC:mah, GOC:mtg_cell_cycle, PMID:20352243]",67,608,17,12487,0.027960526315789474,0.2537313432835821,query_1,"['GO:0007059', 'GO:0022402']","['TRIP13', 'ZWINT', 'NDC80', 'CENPF', 'DLGAP5', 'CSNK2A2', 'MAD2L1', 'RECQL5', 'CCNB1', 'PLK1', 'TOP2A', 'LCMT1', 'UBE2C', 'NUMA1', 'SMARCAD1', 'BUB1B', 'DYNC1LI1']","[['IMP'], ['IDA'], ['IMP'], ['NAS'], ['NAS'], ['IMP', 'IBA'], ['IDA', 'IMP', 'IBA', 'TAS'], ['IMP'], ['IMP'], ['IDA', 'IMP'], ['IBA'], ['IMP'], ['IBA'], ['IMP'], ['IMP'], ['IBA'], ['IMP']]"
GO:BP,GO:0009123,nucleoside monophosphate metabolic process,0.03025641317153615,True,"""The chemical reactions and pathways involving a nucleoside monophosphate, a compound consisting of a nucleobase linked to a deoxyribose or ribose sugar esterified with phosphate on the sugar."" [GOC:go_curators, ISBN:0198506732]",33,3471,24,12487,0.006914433880726016,0.7272727272727273,query_1,['GO:0006753'],"['PAICS', 'XDH', 'TYMS', 'IMPDH2', 'PPAT', 'GMPS', 'RFK', 'HPRT1', 'DUT', 'UMPS', 'GART', 'IMPDH1', 'APRT', 'PFAS', 'ADSL', 'AK3', 'NT5C2', 'ADSS', 'DCTD', 'NT5E', 'AMPD2', 'AK4', 'PNP', 'NT5C1A']","[['TAS'], ['IDA'], ['IDA', 'IBA'], ['TAS'], ['TAS'], ['IDA', 'IBA', 'TAS'], ['IBA'], ['IDA', 'IBA'], ['IBA'], ['IDA', 'IBA'], ['TAS'], ['TAS'], ['IBA'], ['TAS', 'NAS'], ['IDA', 'IBA', 'TAS'], ['IDA', 'IBA'], ['IBA'], ['IDA', 'IBA', 'TAS', 'NAS'], ['IBA'], ['IBA'], ['IGI', 'IBA'], ['IDA', 'IBA'], ['IDA'], ['IDA']]"
GO:BP,GO:0009112,nucleobase metabolic process,0.03613591467772724,True,"""The chemical reactions and pathways involving a nucleobase, a nitrogenous base that is a constituent of a nucleic acid, e.g. the purines: adenine, guanine, hypoxanthine, xanthine and the pyrimidines: cytosine, uracil, thymine."" [GOC:ma]",21,2566,15,12487,0.005845674201091193,0.7142857142857143,query_1,"['GO:0055086', 'GO:1901564']","['PAICS', 'XDH', 'CAD', 'GMPS', 'SHMT2', 'HPRT1', 'UMPS', 'GART', 'CTPS1', 'GDA', 'APRT', 'DPYD', 'DHODH', 'SHMT1', 'CTPS2']","[['TAS'], ['IDA', 'IBA'], ['IDA', 'ISS', 'IBA'], ['TAS'], ['IBA'], ['IDA', 'IMP', 'IBA'], ['IBA'], ['IBA'], ['IBA'], ['IBA'], ['IBA'], ['IDA', 'IMP', 'ISS', 'IBA'], ['IBA'], ['IDA', 'IBA'], ['IBA']]"
GO:BP,GO:0051726,regulation of cell cycle,0.03657024121603104,True,"""Any process that modulates the rate or extent of progression through the cell cycle."" [GOC:ai, GOC:dph, GOC:tb]",738,243,42,12487,0.1728395061728395,0.056910569105691054,query_1,"['GO:0007049', 'GO:0050794']","['TRIP13', 'ZWINT', 'MAPRE1', 'KIF11', 'CHEK1', 'TPX2', 'PSMD10', 'PRC1', 'NDC80', 'HSF1', 'PCNA', 'USP28', 'TXLNG', 'BLM', 'TP53', 'PRCC', 'TOPBP1', 'IPO7', 'CHEK2', 'CENPF', 'CCNT1', 'FOXA1', 'FBXL17', 'CARM1', 'ZFP36L2', 'RBBP8', 'DLGAP5', 'FEN1', 'HMGA2', 'CSNK2A2', 'CCNA2', 'MDC1', 'MAD2L1', 'CDK1', 'YWHAG', 'KIF23', 'CCNB1', 'EP300', 'AURKB', 'TIPRL', 'GTF2H1', 'APPL1']","[['IMP', 'IBA'], ['IDA'], ['TAS'], ['IMP'], ['IDA', 'IMP', 'TAS'], ['ISS', 'TAS'], ['IDA', 'TAS'], ['IDA'], ['IMP'], ['IMP'], ['TAS'], ['IMP', 'IBA'], ['IMP', 'ISS', 'IBA'], ['IDA', 'IMP'], ['IMP', 'TAS'], ['IDA'], ['IBA'], ['TAS'], ['IBA', 'TAS'], ['IMP', 'IBA', 'TAS', 'NAS'], ['TAS'], ['IMP'], ['IBA'], ['TAS'], ['ISS'], ['TAS'], ['IBA', 'NAS'], ['IMP'], ['IDA'], ['IMP', 'IBA'], ['IBA'], ['TAS'], ['IDA', 'IMP', 'IBA', 'TAS'], ['IMP', 'IBA', 'TAS'], ['TAS'], ['IMP'], ['IDA', 'IMP', 'IBA', 'TAS'], ['TAS'], ['IDA', 'IMP', 'ISS', 'IBA', 'TAS'], ['IMP'], ['TAS'], ['IDA']]"
GO:BP,GO:1905818,regulation of chromosome separation,0.03815504539934332,True,"""Any process that modulates the frequency, rate or extent of chromosome separation."" [GO_REF:0000058, GOC:bhm, GOC:TermGenie, PMID:21795393]",54,409,12,12487,0.029339853300733496,0.2222222222222222,query_1,"['GO:0010564', 'GO:0051304', 'GO:0051983']","['TRIP13', 'ZWINT', 'NDC80', 'CENPF', 'DLGAP5', 'CSNK2A2', 'MAD2L1', 'CCNB1', 'PLK1', 'LCMT1', 'UBE2C', 'NUMA1']","[['IMP'], ['IDA'], ['IMP'], ['NAS'], ['NAS'], ['IMP', 'IBA'], ['IDA', 'IMP', 'IBA', 'TAS'], ['IMP'], ['IDA', 'IMP'], ['IMP'], ['IBA'], ['IMP']]"
GO:BP,GO:0044839,cell cycle G2/M phase transition,0.03946021237166841,True,"""The cell cycle process by which a cell in G2 phase commits to M phase."" [GOC:jl, GOC:mtg_cell_cycle]",219,228,18,12487,0.07894736842105263,0.0821917808219178,query_1,['GO:0044770'],"['MAPRE1', 'CHEK1', 'TPX2', 'PSMD10', 'PPP2R2A', 'BLM', 'TP53', 'TOPBP1', 'CHEK2', 'CENPF', 'FBXL17', 'ENSA', 'HMGA2', 'CCNA2', 'CDK1', 'YWHAG', 'CCNB1', 'AURKB']","[['TAS'], ['IMP'], ['TAS'], ['TAS'], ['TAS'], ['IDA'], ['TAS'], ['IBA'], ['IMP'], ['IMP', 'IBA'], ['IBA'], ['ISS'], ['IDA'], ['IDA'], ['IMP', 'IBA', 'TAS'], ['TAS'], ['IDA', 'TAS'], ['ISS']]"
GO:BP,GO:0033045,regulation of sister chromatid segregation,0.045589417090618825,True,"""Any process that modulates the frequency, rate or extent of sister chromatid segregation."" [GOC:mah]",55,409,12,12487,0.029339853300733496,0.21818181818181817,query_1,"['GO:0000819', 'GO:0010564', 'GO:0033044', 'GO:0051983']","['TRIP13', 'ZWINT', 'NDC80', 'CENPF', 'DLGAP5', 'MAD2L1', 'CCNB1', 'AURKB', 'PLK1', 'LCMT1', 'UBE2C', 'NUMA1']","[['IMP'], ['IDA'], ['IMP'], ['NAS'], ['NAS'], ['IDA', 'IMP', 'IBA', 'TAS'], ['IMP'], ['IDA'], ['IDA', 'IMP'], ['IMP'], ['IBA'], ['IMP']]"
